sortable_name,id,Disc1,Disc2,Disc3,Disc4,Disc5,Disc6,Disc7,Disc8,Disc9,Disc10,Disc11,Disc12,Disc13,Disc14,Disc15,SeekFind1,SeekFind2,SeekFind3,SeekFind4,SeekFind5,SeekFind6,SeekFind7,SeekFind8,SeekFind9,SeekFind10,SeekFind11,SeekFind12,SeekFind13,SeekFind14,SeekFind15
"Alcantara, Anabel",4050,"(50, 22, [(496, 0), (114, 0)])","(50, -15, [(47, 0), (113, 0)])","(40, 29, [(1096, 0), (101, 0)])","(40, -19, [(717, 0), (1057, 0), (124, 0), (81, 0), (80, 0)])","(50, -10, [(1072, 1), (658, 0), (1207, 0)])","(50, -30, [(828, 0), (941, 0), (1050, 0), (122, 0)])","(0, 0, [])","(40, 37, [(998, 0), (416, 0), (127, 0), (93, 0)])","(40, 19, [(1287, 0), (133, 0), (108, 0), (91, 0)])","(50, -48, [(394, 3), (93, 0), (144, 0), (93, 0), (124, 0)])","(50, -36, [(1005, 0), (1227, 0), (748, 0), (97, 0), (148, 0)])","(30, 10, [(1135, 0), (121, 0)])","(0, 0, [])","(40, 38, [(1037, 0), (866, 0), (556, 0), (133, 0), (85, 0)])","(30, 7, [(824, 0), (786, 0), (119, 0)])","(50, -5, [(556, 0)])","(40, 17, [(1090, 1), (97, 0), (85, 0)])","(40, -29, [(721, 0)])","(50, 45, [(822, 0)])","(0, 0, [])","(30, 62, [(759, 0)])","(40, -20, [(1006, 0), (112, 0)])","(30, 20, [(1074, 1), (112, 0)])","(50, -34, [(769, 0)])","(50, 51, [(683, 0)])","(30, 38, [(834, 0), (85, 0)])","(50, 51, [(929, 0)])","(50, -24, [(418, 0), (149, 0)])","(40, 72, [(437, 0)])","(50, -3, [(468, 1), (135, 0), (139, 0), (90, 0), (90, 0)])"
"Allain, April",2232,"(50, 51, [(875, 0), (130, 0), (140, 0), (87, 0)])","(0, 0, [])","(50, -23, [(2272, 0), (118, 0), (80, 0)])","(50, -37, [(2238, 0), (135, 0), (91, 0), (115, 0)])","(40, 3, [(1983, 0), (1953, 0), (139, 0), (109, 0), (135, 0), (127, 0), (81, 0), (114, 0)])","(50, 27, [(2626, 0), (118, 0), (149, 0), (119, 0), (93, 0), (111, 0)])","(50, 60, [(1971, 1), (1874, 0), (126, 0), (142, 0), (91, 0)])","(50, -6, [(2237, 1), (86, 0), (104, 0), (90, 0), (89, 0)])","(50, -20, [(2089, 1), (82, 0), (131, 0), (122, 0), (100, 0), (129, 0), (139, 0)])","(50, 16, [(601, 3), (992, 0), (946, 0), (88, 0), (136, 0), (83, 0), (141, 0)])","(50, -15, [(2365, 0), (126, 0), (148, 0), (121, 0)])","(50, 48, [(2086, 0), (143, 0), (121, 0), (120, 0)])","(40, -35, [(2110, 0), (115, 0), (125, 0), (101, 0), (123, 0), (85, 0)])","(50, 49, [(1829, 0), (2190, 0), (1564, 0), (150, 0), (111, 0), (118, 0), (91, 0)])","(50, -11, [(1687, 1), (2570, 0), (129, 0), (101, 0), (145, 0), (99, 0), (101, 0)])","(40, -33, [(305, 0), (100, 0)])","(50, 51, [(2580, 0), (120, 0), (93, 0)])","(50, -34, [(1923, 0)])","(50, 68, [(1838, 1), (121, 0), (143, 0), (119, 0), (121, 0), (123, 0), (137, 0)])","(50, -45, [(2149, 1)])","(50, 54, [(2426, 1), (104, 0), (120, 0), (138, 0), (86, 0)])","(50, 20, [(2161, 1), (102, 0), (85, 0), (148, 0), (147, 0)])","(50, -10, [(1999, 1)])","(50, 37, [(1999, 3), (109, 0), (121, 0), (96, 0)])","(50, -47, [(2210, 1), (91, 0)])","(50, 41, [(1808, 1), (143, 0), (93, 0)])","(0, 0, [])","(50, -6, [(1245, 2), (103, 0)])","(0, 0, [])","(50, -4, [(1405, 2), (136, 0), (105, 0), (96, 0), (88, 0), (128, 0)])"
"Avants, Adelaide",8465,"(50, -4, [(501, 0), (118, 0), (132, 0), (90, 0)])","(50, -11, [(554, 1), (105, 0), (143, 0), (102, 0)])","(40, -8, [(2103, 1), (91, 0)])","(40, -35, [(1292, 0), (150, 0), (109, 0), (115, 0)])","(50, -34, [(1514, 0), (93, 0), (108, 0), (130, 0), (130, 0)])","(50, -18, [(1836, 0), (1254, 0), (121, 0), (105, 0), (89, 0)])","(50, -24, [(1274, 0), (128, 0), (101, 0), (132, 0), (149, 0)])","(50, -9, [(1767, 0), (99, 0)])","(40, -47, [(1616, 0), (106, 0), (136, 0), (117, 0), (120, 0), (146, 0), (146, 0), (134, 0)])","(50, -12, [(543, 0), (94, 0), (149, 0), (143, 0), (118, 0), (113, 0), (133, 0)])","(50, -34, [(1557, 0), (1308, 0), (131, 0), (121, 0), (144, 0)])","(50, -27, [(1533, 0), (97, 0), (122, 0), (131, 0), (98, 0), (144, 0), (143, 0), (106, 0)])","(50, -48, [(1204, 0), (113, 0), (113, 0), (85, 0), (134, 0), (118, 0), (85, 0), (123, 0)])","(50, -45, [(1441, 0), (145, 0), (118, 0), (80, 0), (146, 0), (126, 0)])","(40, -18, [(1633, 0), (85, 0), (149, 0), (148, 0), (123, 0)])","(50, -12, [(178, 0), (117, 0), (145, 0)])","(50, -39, [(1703, 3), (92, 0), (108, 0), (124, 0)])","(50, -14, [(1827, 1), (147, 0), (123, 0), (129, 0), (115, 0)])","(40, -37, [(2018, 1), (118, 0)])","(50, -15, [(1814, 1), (143, 0), (88, 0), (87, 0)])","(50, -41, [(1811, 2), (136, 0), (130, 0)])","(50, -36, [(1682, 1), (115, 0), (94, 0), (139, 0), (110, 0)])","(50, -39, [(1448, 1)])","(50, -7, [(1120, 0)])","(50, -1, [(1496, 1), (81, 0)])","(50, -47, [(1588, 1), (109, 0), (149, 0), (118, 0), (108, 0), (144, 0)])","(40, -1, [(1387, 2), (103, 0), (93, 0)])","(50, -31, [(1480, 2), (120, 0), (99, 0)])","(50, -13, [(1279, 2), (146, 0), (144, 0), (133, 0), (92, 0), (113, 0)])","(40, -15, [(886, 1), (139, 0), (110, 0)])"
"Bookout, Bella",5826,"(50, -16, [(940, 0)])","(40, -34, [(316, 0), (96, 0), (135, 0)])","(50, -43, [(2157, 0), (111, 0), (105, 0), (102, 0), (100, 0)])","(50, 59, [(2013, 0), (120, 0), (133, 0), (118, 0)])","(50, 43, [(1848, 0), (150, 0)])","(50, -40, [(2337, 0), (1697, 0), (136, 0), (111, 0), (85, 0), (89, 0), (116, 0), (103, 0), (111, 0)])","(50, -35, [(1558, 1), (103, 0), (113, 0)])","(50, -30, [(1938, 0), (1227, 0), (91, 0), (134, 0)])","(50, -34, [(2204, 0), (116, 0), (140, 0), (84, 0), (87, 0), (136, 0)])","(50, 57, [(496, 0), (132, 0), (95, 0), (80, 0), (129, 0), (92, 0)])","(50, -11, [(1825, 0), (1688, 0), (105, 0), (122, 0), (104, 0)])","(50, -19, [(1817, 0), (132, 0), (125, 0), (122, 0), (129, 0), (114, 0)])","(50, 41, [(1761, 0), (105, 0), (101, 0), (91, 0), (141, 0), (118, 0), (112, 0)])","(50, -44, [(1696, 0), (1653, 0), (83, 0), (89, 0), (129, 0), (102, 0), (104, 0), (82, 0)])","(50, -2, [(1755, 3), (120, 0), (125, 0)])","(50, 26, [(516, 2), (136, 0)])","(50, -19, [(2443, 1), (106, 0)])","(50, -45, [(1557, 0)])","(40, 3, [(1926, 2), (138, 0)])","(50, -11, [(2219, 0)])","(50, 44, [(1862, 1)])","(40, 11, [(2007, 1), (149, 0)])","(50, -47, [(2032, 1), (134, 0)])","(50, 36, [(1448, 1)])","(50, 36, [(2037, 1), (121, 0)])","(40, -6, [(2084, 0), (131, 0), (115, 0)])","(50, 45, [(1605, 1), (98, 0)])","(50, 64, [(1394, 3), (87, 0), (142, 0), (87, 0)])","(50, -10, [(1534, 2), (109, 0), (142, 0)])","(50, 68, [(1573, 2), (137, 0), (94, 0)])"
"Ciulla, Chandra",3484,"(50, 72, [(612, 0), (136, 0), (136, 0)])","(50, 8, [(602, 0), (102, 0), (101, 0)])","(50, -22, [(2331, 0), (133, 0), (118, 0), (85, 0)])","(50, -29, [(2302, 0), (107, 0), (84, 0), (108, 0)])","(40, -13, [(1725, 1)])","(50, -33, [(2145, 1), (2030, 0), (149, 0), (131, 0), (91, 0)])","(50, -40, [(1690, 3), (118, 0), (145, 0), (133, 0), (123, 0)])","(50, 33, [(1536, 1), (82, 0), (108, 0), (109, 0)])","(40, -18, [(2057, 0), (93, 0), (97, 0), (143, 0), (102, 0), (133, 0), (143, 0)])","(50, 22, [(618, 0), (131, 0), (86, 0), (139, 0)])","(40, -30, [(2259, 0), (1713, 0), (114, 0), (101, 0), (93, 0), (107, 0), (98, 0), (134, 0), (91, 0)])","(50, -8, [(1980, 0), (144, 0), (127, 0), (109, 0), (137, 0)])","(50, -42, [(2200, 3), (147, 0), (116, 0)])","(50, 6, [(2245, 1), (97, 0), (96, 0), (116, 0), (113, 0), (121, 0), (98, 0), (111, 0)])","(50, -35, [(1798, 0), (85, 0), (80, 0), (143, 0)])","(50, -11, [(406, 0)])","(50, -41, [(2612, 1), (136, 0), (118, 0), (107, 0)])","(50, -30, [(1971, 1)])","(50, -35, [(2246, 1)])","(50, -14, [(2171, 1)])","(50, -35, [(2206, 2), (115, 0)])","(50, -35, [(1822, 1), (91, 0)])","(50, -31, [(1751, 2), (149, 0)])","(50, -41, [(1777, 3)])","(50, -38, [(1939, 1), (123, 0)])","(50, -12, [(2293, 1), (132, 0), (86, 0), (121, 0), (144, 0)])","(40, 16, [(1856, 1), (84, 0), (138, 0)])","(50, -15, [(1933, 2), (90, 0), (89, 0), (137, 0)])","(50, 28, [(1791, 1)])","(40, 53, [(1047, 2), (107, 0), (121, 0), (150, 0)])"
"Cueva, Cristi",3187,"(40, -31, [(378, 0), (116, 0), (122, 0), (93, 0)])","(30, 8, [(525, 0), (122, 0)])","(40, -35, [(1587, 0), (113, 0), (143, 0)])","(40, 19, [(1484, 1), (1288, 0), (125, 0), (105, 0)])","(30, -9, [(1334, 0), (117, 0), (87, 0)])","(50, -28, [(1781, 0), (123, 0), (133, 0), (85, 0), (143, 0), (123, 0)])","(40, -8, [(1177, 0), (1045, 0), (251, 0), (89, 0), (138, 0)])","(50, 3, [(1243, 0), (126, 0), (136, 0), (81, 0)])","(40, -24, [(1392, 0), (128, 0), (89, 0), (85, 0), (145, 0)])","(40, -37, [(64, 0), (334, 0), (105, 0), (118, 0), (134, 0), (150, 0), (117, 0)])","(30, -46, [(1255, 1), (1250, 0), (997, 0), (104, 0)])","(40, -46, [(1167, 0), (93, 0), (116, 0)])","(50, 36, [(1020, 0), (149, 0), (130, 0)])","(40, -15, [(1229, 1), (1240, 0), (991, 0), (121, 0), (122, 0), (130, 0)])","(40, -34, [(975, 0), (101, 0), (121, 0)])","(50, -40, [(174, 0)])","(50, -46, [(1598, 0)])","(30, -31, [(1376, 0)])","(50, -43, [(1423, 0), (120, 0), (139, 0), (117, 0)])","(30, -8, [(1269, 0)])","(40, -42, [(1236, 1), (134, 0), (108, 0)])","(50, 57, [(1174, 2), (111, 0)])","(50, -12, [(1513, 1)])","(40, 5, [(962, 1)])","(40, -41, [(1253, 0), (89, 0)])","(50, 10, [(1638, 1), (95, 0), (87, 0), (145, 0), (116, 0)])","(50, 35, [(920, 1)])","(50, -29, [(720, 1), (116, 0)])","(30, -15, [(904, 1)])","(50, -39, [(977, 0), (110, 0)])"
"Cusic, Chasity",2056,"(50, 64, [(810, 0), (93, 0), (82, 0), (88, 0), (140, 0), (146, 0), (86, 0)])","(50, 34, [(771, 0), (99, 0), (100, 0), (95, 0)])","(50, 40, [(2561, 1)])","(50, 27, [(2408, 0), (114, 0), (135, 0), (121, 0), (96, 0)])","(40, 72, [(1838, 0), (2756, 0), (80, 0), (122, 0), (95, 0), (100, 0), (92, 0)])","(50, -38, [(2615, 0), (2299, 0), (90, 0), (136, 0), (125, 0), (98, 0)])","(50, 65, [(2330, 0), (129, 0), (88, 0), (96, 0), (85, 0)])","(50, -46, [(1801, 0), (124, 0), (138, 0), (91, 0), (82, 0)])","(40, 26, [(2243, 0), (124, 0), (119, 0), (86, 0), (125, 0), (90, 0), (125, 0)])","(50, -13, [(627, 0), (117, 0), (128, 0), (123, 0), (85, 0)])","(50, 58, [(2510, 0), (2287, 0), (138, 0), (120, 0)])","(50, -5, [(1862, 0), (105, 0), (109, 0), (147, 0), (127, 0)])","(50, 44, [(2261, 0), (129, 0), (130, 0), (97, 0), (124, 0), (135, 0)])","(50, 65, [(2365, 0), (92, 0), (84, 0), (140, 0), (80, 0), (107, 0), (115, 0)])","(50, 57, [(2156, 0), (146, 0), (88, 0), (118, 0), (114, 0), (146, 0), (145, 0)])","(50, 62, [(1106, 2)])","(50, 50, [(2969, 3), (95, 0)])","(50, -26, [(2382, 1), (143, 0)])","(50, -18, [(2025, 1), (110, 0)])","(50, 9, [(2559, 1), (108, 0), (142, 0)])","(50, -14, [(2043, 1), (146, 0), (143, 0), (96, 0)])","(50, 27, [(2729, 1), (136, 0), (122, 0), (124, 0), (120, 0), (143, 0)])","(50, 4, [(1802, 1), (103, 0)])","(50, -4, [(2132, 1), (128, 0)])","(50, -14, [(2104, 0), (146, 0), (129, 0), (150, 0), (119, 0), (108, 0)])","(50, 65, [(2079, 1)])","(50, 4, [(2285, 3), (144, 0)])","(50, -19, [(1443, 1), (81, 0), (138, 0), (107, 0)])","(50, -41, [(2190, 1)])","(50, -14, [(1887, 1), (90, 0)])"
"Damm, Daniel",4025,"(0, 0, [])","(50, -22, [(774, 0), (146, 0), (146, 0), (107, 0), (110, 0), (138, 0)])","(0, 0, [])","(0, 0, [])","(50, -21, [(2234, 0), (122, 0), (88, 0), (131, 0), (143, 0)])","(0, 0, [])","(0, 0, [])","(50, -25, [(2065, 0), (1679, 0), (134, 0), (115, 0), (82, 0), (117, 0)])","(0, 0, [])","(50, -40, [(478, 0), (111, 0), (115, 0), (128, 0), (141, 0), (141, 0)])","(50, -16, [(2723, 0), (1935, 0), (2113, 0), (139, 0), (110, 0), (98, 0), (149, 0), (125, 0), (117, 0)])","(50, -48, [(1445, 0), (110, 0), (119, 0), (114, 0), (87, 0), (136, 0), (96, 0), (82, 0)])","(50, -7, [(2295, 0), (135, 0), (128, 0), (133, 0)])","(50, -17, [(2336, 0), (1978, 0), (2293, 0), (110, 0), (108, 0), (86, 0), (116, 0), (81, 0), (140, 0)])","(50, -7, [(2108, 0), (88, 0), (121, 0), (93, 0), (131, 0), (117, 0), (138, 0)])","(50, -35, [(660, 0)])","(50, -14, [(3166, 0), (148, 0), (119, 0), (106, 0)])","(50, -20, [(2090, 1)])","(50, -44, [(2213, 0)])","(50, -32, [(2407, 0), (103, 0)])","(50, -22, [(2050, 1), (110, 0), (104, 0)])","(50, -25, [(2366, 1), (144, 0), (125, 0), (80, 0), (148, 0), (89, 0), (105, 0)])","(50, 27, [(2085, 1), (133, 0)])","(50, -36, [(2059, 2), (103, 0)])","(0, 0, [])","(50, 65, [(2028, 1), (91, 0)])","(40, -29, [(1896, 3), (84, 0), (87, 0)])","(50, -15, [(1762, 1), (82, 0), (90, 0), (141, 0)])","(50, -26, [(1684, 1), (150, 0)])","(50, 11, [(1457, 0), (107, 0), (129, 0)])"
"Dargan, Daniella",1192,"(50, -45, [(148, 0), (98, 0)])","(50, -29, [(201, 0), (149, 0), (116, 0), (135, 0), (111, 0)])","(50, -27, [(1398, 1), (125, 0)])","(50, -18, [(988, 0), (129, 0)])","(40, -45, [(504, 0), (771, 0), (102, 0), (114, 0), (146, 0), (118, 0)])","(50, -40, [(781, 0), (115, 0), (102, 0)])","(50, -41, [(714, 0), (144, 0)])","(40, -39, [(823, 0), (98, 0)])","(50, -2, [(631, 0)])","(40, -3, [(242, 0), (141, 0)])","(50, -41, [(354, 0), (121, 0), (140, 0)])","(50, -32, [(463, 0), (112, 0)])","(50, -41, [(459, 0), (89, 0), (134, 0), (102, 0), (125, 0), (104, 0), (99, 0), (82, 0)])","(40, -18, [(734, 0), (142, 0), (117, 0), (145, 0)])","(50, -20, [(772, 2), (113, 0)])","(50, -3, [(513, 2), (134, 0), (145, 0), (86, 0), (147, 0)])","(50, -29, [(1182, 3)])","(50, -41, [(407, 1), (121, 0), (137, 0)])","(50, -13, [(741, 2)])","(50, -15, [(582, 2)])","(50, -15, [(712, 1), (110, 0)])","(50, -12, [(723, 1), (97, 0)])","(50, -37, [(565, 2)])","(40, -15, [(669, 1)])","(40, -16, [(556, 2), (110, 0)])","(50, -38, [(698, 1), (132, 0), (149, 0)])","(50, -3, [(839, 1)])","(40, -22, [(370, 1), (104, 0), (129, 0), (100, 0)])","(50, -24, [(549, 1), (120, 0), (84, 0)])","(50, -17, [(191, 1)])"
"Deslauriers, Dale",8749,"(40, -22, [(606, 0), (121, 0), (92, 0), (145, 0)])","(40, -8, [(475, 0), (108, 0), (113, 0), (114, 0), (148, 0), (126, 0)])","(50, -33, [(956, 0), (150, 0)])","(40, -31, [(953, 0), (92, 0)])","(50, -12, [(1119, 0), (457, 0), (131, 0), (116, 0), (110, 0)])","(50, -38, [(756, 0), (130, 0)])","(50, -26, [(449, 0), (848, 0), (93, 0)])","(40, -41, [(552, 1), (777, 0), (97, 0), (143, 0), (84, 0), (113, 0)])","(50, -24, [(975, 0), (90, 0), (139, 0)])","(0, 0, [])","(0, 0, [])","(0, 0, [])","(50, -32, [(984, 0), (110, 0), (96, 0), (120, 0), (117, 0), (119, 0)])","(0, 0, [])","(50, -42, [(843, 0), (126, 0)])","(0, 0, [])","(50, -28, [(863, 1), (126, 0)])","(40, -41, [(685, 0)])","(0, 0, [])","(50, -48, [(407, 1), (149, 0), (82, 0)])","(0, 0, [])","(50, -1, [(778, 1)])","(50, -1, [(490, 0), (117, 0), (105, 0), (105, 0), (81, 0), (141, 0)])","(40, -20, [(788, 1), (118, 0)])","(50, -23, [(587, 1)])","(40, -32, [(711, 1), (87, 0), (144, 0)])","(40, -16, [(1123, 3)])","(50, -33, [(809, 1)])","(50, -47, [(664, 1)])","(50, 45, [(453, 0), (123, 0), (120, 0)])"
"Edlund, Earnestine",6420,"(50, -14, [(399, 0), (138, 0)])","(50, -28, [(758, 0), (81, 0)])","(50, -18, [(908, 0), (121, 0)])","(50, -23, [(769, 0), (89, 0)])","(40, -30, [(771, 0), (1070, 0)])","(50, -40, [(736, 0), (121, 0), (106, 0), (98, 0), (120, 0), (108, 0)])","(50, -37, [(561, 0), (134, 0), (145, 0)])","(50, -1, [(857, 0), (105, 0), (86, 0), (111, 0)])","(40, -37, [(1082, 0), (84, 0), (109, 0)])","(40, -2, [(182, 0), (117, 0), (107, 0), (132, 0), (111, 0)])","(50, -25, [(800, 1), (711, 0), (124, 0)])","(40, -4, [(855, 0), (137, 0), (123, 0), (124, 0)])","(50, -20, [(879, 1), (144, 0), (83, 0)])","(50, -15, [(563, 1), (102, 0), (135, 0)])","(50, -43, [(663, 0), (136, 0)])","(50, -46, [(373, 0), (115, 0), (91, 0)])","(50, -9, [(1223, 1), (149, 0), (121, 0)])","(50, -21, [(755, 1), (90, 0)])","(50, -5, [(1029, 1), (148, 0), (101, 0), (149, 0)])","(50, -37, [(535, 2)])","(50, -14, [(674, 1)])","(50, -16, [(638, 1)])","(50, -44, [(796, 1)])","(50, -29, [(307, 1), (136, 0), (87, 0)])","(50, -1, [(680, 0)])","(40, -23, [(846, 1)])","(50, -41, [(403, 1)])","(50, -3, [(686, 2), (148, 0), (115, 0)])","(50, -44, [(501, 1)])","(50, -37, [(866, 0)])"
"Ertl, Estelle",1550,"(40, 11, [(875, 0)])","(50, 59, [(583, 0), (143, 0), (103, 0)])","(50, 27, [(2079, 1), (139, 0), (115, 0)])","(50, 10, [(2063, 1), (137, 0), (92, 0), (132, 0), (99, 0)])","(50, 30, [(1621, 0), (120, 0)])","(50, -14, [(2456, 1), (1804, 0), (149, 0)])","(50, 4, [(1740, 1), (1973, 0), (80, 0), (82, 0), (89, 0)])","(50, 72, [(1653, 0), (138, 0), (117, 0), (112, 0), (127, 0)])","(50, 8, [(2239, 0), (88, 0), (132, 0), (99, 0), (105, 0), (137, 0), (144, 0), (148, 0)])","(50, 67, [(862, 0), (421, 0), (94, 0), (129, 0)])","(40, 41, [(2358, 1), (112, 0), (87, 0), (110, 0), (96, 0), (123, 0), (112, 0)])","(50, 6, [(1677, 0)])","(50, 15, [(1968, 0), (116, 0), (83, 0), (95, 0), (142, 0), (107, 0)])","(40, 38, [(1985, 0), (2013, 0), (117, 0), (96, 0), (92, 0), (145, 0), (96, 0)])","(50, 9, [(1608, 1), (141, 0), (95, 0), (98, 0)])","(50, 47, [(769, 1)])","(40, 1, [(2854, 1), (99, 0), (149, 0), (127, 0)])","(50, 41, [(1864, 1), (97, 0), (138, 0)])","(50, 64, [(1937, 1), (109, 0)])","(40, -43, [(2260, 1)])","(50, 49, [(2125, 1), (108, 0)])","(50, 62, [(2009, 1), (115, 0), (108, 0), (135, 0), (101, 0)])","(50, 30, [(2295, 0), (98, 0)])","(50, 10, [(1962, 3), (148, 0)])","(50, -20, [(2079, 1), (125, 0)])","(50, 56, [(2265, 1), (135, 0), (82, 0), (83, 0), (98, 0)])","(50, 72, [(2021, 1), (141, 0), (86, 0)])","(50, -33, [(1515, 1), (83, 0)])","(50, 35, [(1668, 1), (81, 0)])","(50, 23, [(1628, 0), (138, 0)])"
"Fimbres, Freddie",3410,"(50, 31, [(129, 0), (133, 0), (103, 0), (102, 0), (111, 0), (145, 0)])","(40, 11, [(358, 0), (145, 0)])","(50, 2, [(1431, 0), (83, 0), (102, 0)])","(50, -6, [(1424, 0), (86, 0), (80, 0), (104, 0)])","(50, 49, [(1983, 0), (117, 0)])","(50, 71, [(1739, 0), (1260, 0), (1772, 0), (85, 0), (98, 0), (150, 0)])","(40, 40, [(1688, 0), (1414, 0), (365, 0), (139, 0), (118, 0)])","(0, 0, [])","(50, 29, [(1764, 0), (96, 0), (103, 0), (134, 0), (98, 0), (110, 0)])","(0, 0, [])","(40, 41, [(1649, 1), (1520, 0), (1349, 0), (124, 0), (82, 0), (122, 0), (150, 0)])","(0, 0, [])","(50, 15, [(1426, 0), (141, 0), (94, 0), (141, 0), (135, 0)])","(50, -48, [(1438, 0), (1761, 0), (1598, 0), (141, 0), (80, 0), (101, 0), (85, 0), (150, 0), (81, 0)])","(50, 3, [(1388, 0), (119, 0), (111, 0), (133, 0), (89, 0)])","(50, -1, [(492, 0), (106, 0)])","(50, -30, [(1841, 1), (113, 0), (120, 0), (116, 0), (90, 0)])","(40, 9, [(1473, 0), (103, 0), (136, 0), (131, 0)])","(40, -4, [(1346, 0)])","(0, 0, [])","(0, 0, [])","(50, 57, [(1383, 1), (106, 0), (112, 0), (102, 0)])","(40, 68, [(1658, 0), (113, 0)])","(30, 68, [(1138, 1)])","(40, 69, [(1256, 0)])","(30, -22, [(1523, 0), (108, 0), (120, 0)])","(40, -3, [(1568, 3), (99, 0)])","(40, 63, [(1161, 3), (107, 0), (118, 0), (120, 0)])","(40, 63, [(1502, 3), (135, 0), (137, 0), (105, 0)])","(50, -4, [(1047, 0), (134, 0), (90, 0), (120, 0), (141, 0)])"
"Greenwell, Gia",1684,"(50, -36, [(706, 0), (135, 0), (133, 0)])","(40, -36, [(462, 0)])","(50, -8, [(2280, 1), (144, 0), (135, 0), (142, 0), (82, 0)])","(50, -37, [(1892, 0), (118, 0), (149, 0), (122, 0)])","(50, -11, [(1949, 2), (2231, 0), (139, 0), (99, 0)])","(50, -38, [(2349, 1), (2253, 0), (2135, 0), (146, 0), (132, 0), (109, 0), (131, 0)])","(50, -17, [(2037, 0), (99, 0), (102, 0)])","(50, -23, [(1906, 0), (85, 0), (149, 0), (133, 0), (145, 0), (99, 0), (96, 0), (112, 0), (99, 0)])","(40, -37, [(2201, 0), (104, 0), (137, 0), (137, 0), (134, 0), (94, 0)])","(50, -30, [(555, 0), (651, 0), (464, 0), (143, 0)])","(40, -47, [(2346, 1)])","(50, -30, [(1641, 0), (97, 0), (112, 0), (117, 0)])","(50, -33, [(1819, 3), (81, 0), (87, 0), (91, 0), (140, 0), (135, 0)])","(50, -41, [(2327, 0), (144, 0), (135, 0), (132, 0), (147, 0), (81, 0)])","(50, -32, [(1760, 0), (129, 0), (93, 0), (122, 0)])","(40, -15, [(515, 0), (127, 0), (111, 0)])","(50, -42, [(3086, 1), (137, 0), (92, 0), (115, 0)])","(50, -14, [(1532, 0)])","(50, -16, [(2244, 0), (126, 0), (130, 0)])","(50, -21, [(2189, 1)])","(40, -28, [(2049, 1)])","(50, -6, [(2537, 1), (134, 0)])","(50, -43, [(2251, 1), (120, 0)])","(50, -16, [(1947, 1), (138, 0)])","(50, -6, [(2011, 1), (131, 0), (136, 0)])","(40, -7, [(2113, 2), (81, 0)])","(50, -20, [(1896, 2), (85, 0), (122, 0)])","(50, -25, [(1467, 0), (134, 0), (80, 0)])","(40, -22, [(1682, 1)])","(50, -38, [(1563, 2)])"
"Hersom, Hal",1021,"(50, 58, [(347, 1), (90, 0), (92, 0), (91, 0), (137, 0), (115, 0), (114, 0)])","(40, 41, [(471, 0), (148, 0)])","(30, -1, [(1612, 0), (134, 0)])","(30, -18, [(1414, 0), (102, 0), (123, 0), (85, 0)])","(50, -27, [(1501, 0), (1052, 0), (109, 0), (87, 0)])","(40, -24, [(1261, 0), (1322, 0), (1387, 0)])","(40, -16, [(1172, 0), (862, 0), (433, 0), (84, 0), (123, 0), (115, 0), (126, 0), (124, 0)])","(40, 19, [(1068, 0), (110, 0), (138, 0)])","(40, -28, [(1506, 0), (122, 0), (142, 0)])","(30, -41, [(446, 0), (299, 0), (678, 0), (128, 0)])","(40, 11, [(1310, 1)])","(40, -27, [(885, 0), (120, 0), (86, 0)])","(30, 51, [(1250, 0), (117, 0), (126, 0), (109, 0)])","(50, 22, [(1505, 0), (93, 0), (97, 0), (136, 0)])","(40, 25, [(1084, 0), (110, 0), (148, 0), (91, 0), (96, 0), (138, 0), (89, 0)])","(40, 62, [(263, 0), (139, 0)])","(40, 61, [(1621, 1), (82, 0)])","(50, -21, [(1303, 3), (88, 0), (141, 0)])","(40, -12, [(1334, 0)])","(40, -41, [(1359, 0), (135, 0)])","(40, -33, [(1174, 3)])","(40, -6, [(1229, 1)])","(50, 29, [(1501, 1)])","(30, -19, [(1111, 2), (109, 0), (86, 0)])","(30, -8, [(1207, 1), (94, 0)])","(40, 16, [(1330, 0)])","(30, -11, [(1121, 3), (109, 0), (90, 0)])","(40, -37, [(851, 0)])","(40, -41, [(868, 1)])","(50, 33, [(661, 1), (81, 0), (126, 0), (145, 0)])"
"Ingram, Ileen",2900,"(50, -16, [(549, 0), (127, 0), (150, 0), (95, 0), (117, 0), (86, 0), (131, 0)])","(40, -17, [(580, 0), (131, 0), (136, 0), (129, 0), (140, 0)])","(40, -2, [(1898, 0), (135, 0), (108, 0)])","(0, 0, [])","(40, -15, [(1642, 0)])","(50, -27, [(1955, 0), (121, 0), (111, 0), (82, 0), (102, 0), (102, 0)])","(0, 0, [])","(30, -36, [(1458, 3), (147, 0), (123, 0), (117, 0)])","(50, -37, [(2076, 0), (123, 0), (80, 0), (105, 0)])","(40, 13, [(150, 0), (97, 0), (99, 0), (144, 0)])","(30, -10, [(1295, 3), (1072, 0), (101, 0)])","(40, -7, [(1015, 0), (121, 0), (81, 0)])","(40, -7, [(1258, 0), (109, 0)])","(40, 27, [(1691, 0), (1480, 0), (98, 0), (141, 0), (133, 0), (112, 0), (143, 0), (117, 0)])","(0, 0, [])","(40, -2, [(108, 1)])","(0, 0, [])","(40, -48, [(1562, 1)])","(50, -27, [(1406, 0), (115, 0)])","(0, 0, [])","(30, -9, [(1724, 3), (122, 0)])","(40, -21, [(1575, 1), (89, 0)])","(50, 19, [(983, 3), (145, 0)])","(40, -15, [(1143, 0), (84, 0)])","(50, -26, [(1684, 1), (135, 0)])","(30, 45, [(1749, 1)])","(40, 71, [(1564, 0), (123, 0)])","(0, 0, [])","(40, -47, [(1122, 1), (131, 0)])","(30, -12, [(776, 1), (133, 0), (97, 0), (100, 0)])"
"Ingrassia, Irma",2692,"(40, -35, [(488, 0), (139, 0), (149, 0), (119, 0)])","(50, -10, [(349, 0), (93, 0)])","(50, -28, [(1066, 0)])","(50, -7, [(966, 0), (836, 0), (105, 0), (97, 0)])","(50, -32, [(430, 1), (542, 0), (113, 0)])","(50, -9, [(796, 1), (1169, 0), (105, 0)])","(50, -33, [(878, 1), (124, 0)])","(50, -10, [(1017, 0), (109, 0), (88, 0), (106, 0)])","(40, -38, [(354, 0), (132, 0), (85, 0), (84, 0), (106, 0)])","(50, -11, [(241, 0), (87, 0)])","(40, -36, [(855, 0), (119, 0)])","(50, -27, [(430, 0), (108, 0), (148, 0), (147, 0)])","(50, -3, [(884, 1), (675, 0), (93, 0), (120, 0), (143, 0)])","(50, -35, [(451, 1), (628, 0), (108, 0)])","(50, -6, [(677, 0), (103, 0), (120, 0)])","(50, -15, [(88, 2)])","(50, -46, [(718, 1), (125, 0), (118, 0), (94, 0), (89, 0)])","(50, -45, [(814, 1)])","(50, -42, [(875, 3)])","(50, -26, [(1056, 0), (95, 0), (108, 0), (145, 0)])","(40, -7, [(973, 0), (93, 0)])","(40, -41, [(706, 1)])","(50, -35, [(1100, 1)])","(50, -20, [(304, 1)])","(50, -1, [(755, 1)])","(50, -35, [(1340, 2), (96, 0), (119, 0), (104, 0), (139, 0), (134, 0)])","(40, -38, [(733, 1)])","(50, -33, [(503, 1)])","(50, -6, [(640, 3), (118, 0)])","(50, -15, [(463, 0)])"
"Jeffrey, Janay",8644,"(40, 38, [(153, 0), (118, 0)])","(40, -20, [(698, 0), (114, 0), (86, 0)])","(40, 69, [(629, 1)])","(40, -19, [(814, 0), (101, 0), (106, 0), (110, 0)])","(40, -17, [(214, 0)])","(40, 36, [(642, 1), (644, 0), (495, 0), (114, 0), (98, 0)])","(50, 18, [(634, 0), (512, 0), (429, 0), (122, 0), (118, 0)])","(30, 70, [(672, 0)])","(40, 36, [(413, 0), (81, 0), (114, 0)])","(40, 12, [(32, 0)])","(50, -8, [(753, 0), (523, 0), (142, 0)])","(40, -27, [(550, 0), (82, 0)])","(50, 61, [(467, 0), (119, 0), (146, 0), (104, 0), (102, 0), (104, 0)])","(40, -2, [(426, 0), (547, 0), (598, 0)])","(40, -9, [(153, 0), (113, 0)])","(40, 54, [(316, 0)])","(50, 59, [(510, 1)])","(50, -7, [(687, 1)])","(40, 67, [(537, 2), (143, 0)])","(40, 13, [(505, 0), (122, 0), (119, 0)])","(50, -35, [(831, 2)])","(40, 44, [(651, 0)])","(40, 49, [(426, 0)])","(30, 14, [(239, 0), (118, 0)])","(50, 33, [(311, 0), (145, 0), (111, 0)])","(30, 55, [(680, 1)])","(40, 55, [(507, 0)])","(40, 37, [(583, 0)])","(30, 70, [(471, 1)])","(40, -26, [(252, 0)])"
"Jump, Jeanie",2793,"(50, 44, [(460, 3), (123, 0)])","(50, -35, [(92, 1), (109, 0)])","(50, 23, [(464, 0)])","(30, 69, [(537, 0), (735, 0), (106, 0)])","(50, -29, [(682, 0), (734, 0), (120, 0), (150, 0), (116, 0)])","(50, -43, [(822, 0), (138, 0)])","(50, 19, [(731, 2)])","(30, 11, [(696, 0), (130, 0), (80, 0), (148, 0)])","(40, 56, [(781, 0)])","(30, 50, [(303, 0), (290, 0), (364, 0), (127, 0), (110, 0)])","(50, 10, [(661, 0), (558, 0), (564, 0), (141, 0)])","(40, -5, [(437, 0), (110, 0), (136, 0)])","(30, 9, [(792, 0)])","(50, -10, [(742, 0), (555, 0), (94, 0)])","(40, -47, [(390, 0), (139, 0)])","(40, -18, [(253, 0)])","(40, -27, [(1012, 1), (112, 0), (128, 0)])","(50, -38, [(684, 0), (85, 0), (101, 0), (125, 0)])","(30, 23, [(448, 1)])","(40, -20, [(731, 1), (119, 0), (135, 0), (149, 0), (130, 0)])","(40, -39, [(906, 1), (90, 0)])","(50, 62, [(306, 1), (149, 0), (82, 0), (133, 0)])","(30, -30, [(253, 1), (144, 0)])","(30, -43, [(933, 2), (116, 0), (150, 0)])","(40, 11, [(758, 0)])","(40, 14, [(750, 0), (135, 0), (129, 0)])","(40, 30, [(768, 1)])","(30, 64, [(273, 0)])","(50, -47, [(417, 0)])","(40, 50, [(483, 1)])"
"Kammer, Kam",2640,"(50, 64, [(1055, 2), (86, 0), (117, 0), (92, 0), (131, 0), (145, 0), (95, 0), (129, 0)])","(50, 21, [(1040, 0), (146, 0), (143, 0), (88, 0), (121, 0), (98, 0)])","(50, -4, [(3366, 1), (111, 0), (113, 0), (137, 0)])","(30, -43, [(2793, 1), (3054, 0), (99, 0), (110, 0), (133, 0), (108, 0), (124, 0), (110, 0), (108, 0)])","(40, -21, [(2952, 2), (120, 0), (121, 0), (116, 0), (144, 0), (102, 0), (150, 0)])","(40, -9, [(3492, 0), (139, 0), (122, 0), (94, 0), (116, 0), (105, 0), (92, 0)])","(50, -22, [(3241, 0), (2882, 0), (1099, 0), (112, 0), (135, 0), (121, 0), (95, 0), (107, 0), (119, 0), (119, 0)])","(0, 0, [])","(30, -20, [(3125, 1), (146, 0), (139, 0), (133, 0), (123, 0), (105, 0), (130, 0), (136, 0), (99, 0), (108, 0), (94, 0)])","(50, 49, [(1033, 0), (1226, 0), (1272, 0), (96, 0), (91, 0), (124, 0), (112, 0), (140, 0), (87, 0)])","(30, 33, [(3207, 0), (127, 0), (82, 0), (147, 0), (126, 0), (141, 0), (98, 0), (96, 0)])","(30, 65, [(2387, 1), (128, 0), (83, 0), (141, 0), (113, 0), (113, 0)])","(50, -18, [(2904, 1), (92, 0), (90, 0), (129, 0), (97, 0), (80, 0), (109, 0), (102, 0), (114, 0), (137, 0)])","(50, -33, [(3383, 0), (90, 0), (111, 0), (139, 0), (89, 0), (141, 0)])","(40, 54, [(2489, 0), (3415, 0), (119, 0), (80, 0), (148, 0), (86, 0), (108, 0), (121, 0)])","(50, 18, [(644, 0)])","(0, 0, [])","(40, -29, [(3128, 2), (122, 0)])","(40, 60, [(2981, 1)])","(50, -24, [(3522, 1), (99, 0)])","(40, -18, [(3415, 1), (114, 0), (83, 0), (143, 0)])","(50, 44, [(3228, 3), (141, 0), (130, 0)])","(50, 45, [(2780, 2), (148, 0), (138, 0), (109, 0), (87, 0)])","(50, 64, [(2720, 1), (131, 0)])","(50, -16, [(3070, 2), (88, 0), (133, 0), (138, 0)])","(30, -22, [(3725, 0), (144, 0), (88, 0), (101, 0)])","(50, -18, [(2479, 1), (137, 0), (145, 0)])","(40, -46, [(2657, 1), (112, 0), (95, 0), (118, 0), (129, 0), (105, 0)])","(50, 69, [(2691, 1), (115, 0), (147, 0)])","(40, -36, [(1572, 1), (139, 0), (114, 0), (126, 0), (113, 0)])"
"Keifer, Kasandra",1815,"(50, -38, [(814, 0), (146, 0), (144, 0), (138, 0)])","(0, 0, [])","(40, -4, [(3363, 0), (140, 0), (107, 0), (99, 0), (117, 0)])","(0, 0, [])","(50, -13, [(3179, 0), (117, 0), (134, 0), (137, 0), (139, 0)])","(0, 0, [])","(50, -22, [(2749, 0), (2770, 0), (134, 0), (119, 0), (146, 0), (92, 0), (87, 0)])","(50, -14, [(3152, 0), (123, 0), (114, 0), (94, 0), (144, 0), (148, 0), (107, 0)])","(50, -35, [(3032, 0), (104, 0), (143, 0), (102, 0), (88, 0), (136, 0), (134, 0), (115, 0), (99, 0), (139, 0), (107, 0), (140, 0), (100, 0)])","(40, -37, [(1023, 0), (1211, 0), (93, 0), (127, 0), (117, 0), (148, 0), (91, 0), (116, 0), (97, 0), (130, 0), (112, 0)])","(0, 0, [])","(50, -48, [(2661, 0), (124, 0), (134, 0), (109, 0), (95, 0)])","(50, -12, [(2636, 0), (95, 0), (140, 0), (90, 0), (141, 0), (100, 0), (150, 0), (118, 0), (115, 0)])","(0, 0, [])","(50, -17, [(2693, 0), (119, 0), (89, 0), (89, 0), (89, 0), (124, 0), (143, 0), (120, 0)])","(50, -26, [(1069, 1)])","(0, 0, [])","(50, -7, [(2999, 1)])","(50, -20, [(3273, 3), (111, 0), (107, 0)])","(40, -31, [(3168, 1)])","(50, -42, [(3544, 1), (119, 0), (127, 0)])","(50, -19, [(3174, 1), (122, 0)])","(0, 0, [])","(50, 67, [(2865, 1), (142, 0)])","(50, -31, [(2953, 2), (133, 0)])","(50, -30, [(3116, 3), (132, 0), (80, 0)])","(40, -34, [(2962, 1), (81, 0), (141, 0)])","(40, -17, [(2134, 2), (95, 0), (132, 0), (116, 0), (133, 0)])","(40, -7, [(2589, 1), (80, 0), (128, 0)])","(50, -39, [(1812, 1), (117, 0), (148, 0)])"
"Koger, Kris",5575,"(40, -46, [(516, 0), (130, 0)])","(40, -33, [(266, 0)])","(30, -42, [(1243, 0)])","(40, 62, [(1427, 0), (147, 0), (121, 0), (137, 0), (82, 0), (150, 0), (147, 0), (106, 0)])","(30, -6, [(1444, 0), (88, 0), (103, 0)])","(40, -11, [(1428, 0), (130, 0)])","(50, -45, [(1269, 0), (142, 0), (121, 0), (85, 0)])","(50, -16, [(1129, 0), (1118, 0), (138, 0), (144, 0)])","(40, -32, [(1406, 0), (141, 0), (116, 0), (118, 0), (130, 0)])","(50, -7, [(401, 2), (307, 0), (382, 0), (145, 0), (136, 0)])","(30, -32, [(1132, 0), (89, 0), (116, 0)])","(50, -1, [(1021, 0), (109, 0), (136, 0), (143, 0)])","(30, -37, [(1303, 0), (1300, 0), (114, 0)])","(40, -11, [(900, 0), (852, 0), (1427, 0), (100, 0), (116, 0), (114, 0), (128, 0), (136, 0), (81, 0), (144, 0)])","(40, -45, [(1248, 0), (1279, 0), (88, 0)])","(30, -13, [(561, 0)])","(40, -3, [(1675, 1)])","(40, -47, [(1123, 0), (88, 0)])","(50, -16, [(1162, 1)])","(40, 2, [(1180, 0)])","(50, -24, [(1353, 1), (94, 0), (137, 0)])","(50, -6, [(900, 1)])","(40, -13, [(1251, 0)])","(40, -24, [(1138, 0), (130, 0)])","(40, -43, [(1650, 0), (147, 0), (104, 0)])","(40, -40, [(1177, 0)])","(50, -8, [(963, 0)])","(40, -17, [(1009, 0), (146, 0), (141, 0), (93, 0)])","(40, -7, [(832, 0), (105, 0), (116, 0)])","(50, -17, [(654, 0), (91, 0), (96, 0)])"
"Lampert, Larae",2965,"(50, -12, [(697, 0), (142, 0), (149, 0), (117, 0), (119, 0), (137, 0)])","(50, 28, [(1212, 0), (100, 0), (136, 0)])","(50, -17, [(3534, 3), (89, 0), (127, 0), (82, 0), (149, 0)])","(50, 34, [(2981, 0), (86, 0), (81, 0), (95, 0), (110, 0)])","(50, -48, [(2612, 0), (2771, 0), (136, 0), (99, 0), (134, 0), (97, 0), (101, 0), (83, 0), (112, 0), (94, 0)])","(40, 8, [(3739, 1), (117, 0), (138, 0), (111, 0), (130, 0), (115, 0)])","(50, -14, [(2453, 0), (150, 0), (108, 0), (104, 0), (87, 0), (90, 0), (90, 0)])","(40, -37, [(2804, 0), (95, 0), (149, 0), (104, 0), (133, 0), (106, 0), (135, 0)])","(50, 61, [(3279, 0), (96, 0), (94, 0), (134, 0), (88, 0), (139, 0), (88, 0), (150, 0), (148, 0), (88, 0), (113, 0)])","(50, -5, [(1155, 0), (102, 0), (141, 0), (126, 0), (86, 0), (135, 0), (148, 0)])","(50, 49, [(3537, 0), (131, 0), (103, 0), (91, 0), (140, 0), (101, 0), (107, 0)])","(50, -48, [(2732, 3), (103, 0), (81, 0), (87, 0), (102, 0), (139, 0), (131, 0)])","(50, 17, [(2985, 3), (80, 0), (93, 0), (112, 0), (126, 0), (88, 0), (128, 0), (86, 0), (146, 0)])","(50, -6, [(2843, 0), (129, 0), (121, 0), (144, 0), (139, 0), (129, 0), (118, 0), (125, 0), (95, 0)])","(50, -33, [(2813, 0), (136, 0), (102, 0), (118, 0), (99, 0), (113, 0)])","(40, 49, [(610, 0), (138, 0)])","(50, -4, [(4247, 3), (95, 0), (109, 0), (126, 0)])","(50, -42, [(2830, 1)])","(40, -21, [(3314, 1), (88, 0), (122, 0), (99, 0), (138, 0)])","(50, -1, [(3312, 1)])","(50, -2, [(3315, 1), (110, 0), (110, 0)])","(50, -10, [(3203, 1), (109, 0), (84, 0), (97, 0), (91, 0)])","(50, 44, [(3148, 3), (141, 0), (101, 0), (111, 0), (117, 0), (118, 0)])","(50, -15, [(2398, 3)])","(40, -11, [(2825, 0), (104, 0), (139, 0)])","(50, 13, [(3393, 0)])","(50, 35, [(2696, 1), (101, 0), (147, 0), (112, 0), (94, 0), (121, 0)])","(50, 44, [(1956, 3), (102, 0), (134, 0), (85, 0)])","(40, 58, [(2805, 2), (84, 0), (133, 0), (145, 0), (115, 0)])","(50, -23, [(2234, 1)])"
"Lares, Lida",6147,"(50, -36, [(211, 0)])","(40, 11, [(323, 1), (102, 0)])","(50, -29, [(984, 0), (119, 0)])","(50, -42, [(513, 0), (145, 0), (116, 0)])","(50, -3, [(829, 0), (133, 0)])","(50, -5, [(634, 0)])","(50, 23, [(822, 0), (110, 0), (99, 0), (148, 0), (101, 0)])","(50, -29, [(832, 3), (81, 0), (85, 0), (118, 0)])","(50, -40, [(1142, 1), (109, 0), (96, 0), (81, 0), (148, 0), (135, 0)])","(50, -46, [(258, 1), (130, 0)])","(50, 19, [(776, 0), (841, 0), (126, 0)])","(50, -46, [(560, 0), (138, 0)])","(40, -32, [(345, 0), (110, 0), (80, 0), (110, 0)])","(50, -30, [(1096, 1), (85, 0), (145, 0), (132, 0)])","(50, 1, [(851, 0), (129, 0)])","(50, 1, [(230, 1)])","(50, -21, [(1094, 1)])","(50, -34, [(546, 1)])","(50, 65, [(773, 2)])","(50, -35, [(780, 1)])","(50, -10, [(718, 1)])","(50, -10, [(641, 3)])","(40, -34, [(957, 3), (145, 0)])","(50, 24, [(389, 3), (106, 0)])","(50, -32, [(879, 1), (125, 0), (116, 0), (137, 0)])","(50, 57, [(639, 1), (113, 0)])","(50, -41, [(404, 1)])","(50, -29, [(639, 1), (92, 0)])","(40, -17, [(821, 1)])","(50, 6, [(727, 2)])"
"Lauffer, Lashonda",1875,"(30, -30, [(687, 1), (143, 0), (89, 0), (149, 0)])","(50, -35, [(105, 0)])","(40, -4, [(596, 0), (90, 0)])","(40, -41, [(582, 0), (115, 0)])","(40, -42, [(546, 0), (560, 0), (1003, 0), (150, 0)])","(50, -27, [(749, 0)])","(50, -21, [(568, 2), (487, 0), (145, 0), (80, 0), (87, 0)])","(40, -37, [(732, 0), (86, 0), (93, 0)])","(40, -32, [(917, 1), (129, 0)])","(40, -11, [(374, 1), (125, 0)])","(50, -18, [(835, 0), (778, 0), (308, 0), (127, 0), (99, 0)])","(40, -28, [(661, 3), (115, 0), (139, 0)])","(40, -35, [(688, 0), (80, 0)])","(50, -16, [(645, 0), (885, 0), (150, 0), (100, 0), (149, 0)])","(50, -14, [(813, 0), (94, 0), (87, 0), (102, 0), (115, 0)])","(40, -47, [(187, 0)])","(40, -18, [(1084, 0), (101, 0), (149, 0)])","(40, -8, [(689, 0)])","(50, -6, [(1168, 2), (94, 0), (136, 0)])","(50, -21, [(699, 1)])","(40, -8, [(752, 2), (129, 0)])","(40, -22, [(915, 2), (141, 0), (125, 0)])","(40, -6, [(707, 3), (138, 0), (141, 0), (111, 0)])","(50, -38, [(453, 0)])","(50, -31, [(761, 1), (109, 0)])","(40, -25, [(692, 0)])","(40, -17, [(407, 0), (105, 0), (137, 0)])","(40, -2, [(841, 3), (146, 0)])","(50, -20, [(734, 1), (138, 0)])","(50, -44, [(596, 1)])"
"Liggins, Lola",4807,"(40, -12, [(502, 2), (85, 0), (130, 0), (132, 0)])","(40, 26, [(393, 1), (86, 0), (97, 0), (130, 0), (120, 0)])","(0, 0, [])","(50, 3, [(1290, 0), (137, 0)])","(0, 0, [])","(50, 36, [(1932, 0), (1429, 0), (97, 0), (123, 0), (105, 0), (135, 0)])","(50, 44, [(1187, 0), (144, 0), (102, 0), (120, 0)])","(50, 5, [(1596, 0), (130, 0), (123, 0), (135, 0), (128, 0)])","(30, 53, [(1338, 3), (115, 0), (133, 0), (87, 0), (115, 0), (108, 0)])","(50, -25, [(295, 0), (103, 0), (123, 0), (123, 0)])","(40, 37, [(1795, 0), (105, 0), (131, 0), (110, 0), (150, 0), (107, 0)])","(0, 0, [])","(50, 60, [(1452, 0), (123, 0), (115, 0), (89, 0), (134, 0)])","(0, 0, [])","(40, 26, [(1389, 0), (86, 0), (147, 0), (130, 0), (117, 0)])","(40, -35, [(400, 1), (137, 0)])","(40, -16, [(1654, 3)])","(40, 44, [(1405, 3)])","(40, 62, [(1863, 3), (106, 0)])","(40, 3, [(1923, 1)])","(40, 20, [(1414, 1), (95, 0), (80, 0), (109, 0), (83, 0)])","(40, 7, [(2005, 3)])","(50, 34, [(1557, 3), (142, 0), (116, 0), (125, 0), (98, 0), (137, 0), (82, 0)])","(30, 20, [(1677, 1), (128, 0), (133, 0)])","(50, -6, [(1379, 1), (92, 0)])","(40, -31, [(1700, 1), (142, 0), (130, 0), (111, 0)])","(40, -37, [(946, 1), (131, 0), (131, 0)])","(40, 27, [(1230, 3), (92, 0), (141, 0)])","(50, 51, [(1218, 1), (124, 0)])","(50, 14, [(799, 1), (98, 0), (122, 0), (86, 0)])"
"Lipsett, Linda",1572,"(50, -22, [(1080, 0), (90, 0), (138, 0), (150, 0), (105, 0), (106, 0), (134, 0), (83, 0)])","(50, -16, [(963, 0), (138, 0), (107, 0), (149, 0), (102, 0), (141, 0), (143, 0)])","(40, -45, [(3431, 1), (136, 0), (146, 0), (116, 0), (84, 0), (95, 0), (80, 0)])","(50, -24, [(2791, 1), (112, 0), (126, 0), (147, 0), (92, 0), (107, 0)])","(50, -3, [(3255, 1), (140, 0), (96, 0), (87, 0), (139, 0), (134, 0)])","(0, 0, [])","(0, 0, [])","(50, -32, [(2845, 0), (124, 0), (85, 0), (133, 0), (95, 0)])","(50, -21, [(3199, 0), (133, 0), (93, 0), (90, 0), (90, 0), (132, 0), (147, 0), (80, 0), (117, 0), (124, 0)])","(50, -13, [(1021, 0), (851, 0), (145, 0), (107, 0), (122, 0), (103, 0), (91, 0), (144, 0), (135, 0), (144, 0), (98, 0), (135, 0), (147, 0)])","(0, 0, [])","(0, 0, [])","(0, 0, [])","(50, -22, [(3324, 0), (3282, 0), (89, 0), (137, 0), (121, 0), (103, 0), (86, 0), (96, 0), (122, 0), (96, 0), (103, 0)])","(50, -14, [(3028, 0), (145, 0), (129, 0), (102, 0), (115, 0), (114, 0), (126, 0)])","(50, -22, [(648, 1)])","(50, -48, [(3883, 1), (109, 0), (101, 0), (141, 0), (145, 0)])","(40, -38, [(3339, 1), (82, 0), (117, 0)])","(0, 0, [])","(50, -46, [(3166, 3)])","(50, -7, [(3029, 1), (102, 0), (147, 0), (135, 0)])","(0, 0, [])","(50, -25, [(2728, 1), (123, 0)])","(0, 0, [])","(50, -10, [(3007, 1), (99, 0), (146, 0)])","(50, -48, [(3348, 1), (124, 0), (125, 0)])","(40, -24, [(2738, 3), (117, 0)])","(50, -12, [(1917, 1), (144, 0), (85, 0), (120, 0), (83, 0), (146, 0), (115, 0)])","(50, -43, [(2663, 2), (136, 0), (111, 0)])","(50, -37, [(2099, 1), (148, 0), (103, 0), (104, 0), (122, 0), (92, 0), (141, 0)])"
"Locke, Lakenya",4337,"(40, -8, [(15, 3), (113, 0)])","(50, -24, [(348, 0), (133, 0), (127, 0)])","(30, 67, [(743, 1)])","(50, 22, [(814, 0), (111, 0), (141, 0)])","(40, 4, [(787, 0), (122, 0), (84, 0), (101, 0), (102, 0)])","(50, 69, [(946, 0), (98, 0)])","(40, -40, [(826, 0), (93, 0)])","(40, 56, [(628, 0), (80, 0), (93, 0)])","(50, -26, [(755, 0), (129, 0), (97, 0)])","(40, 66, [(326, 0), (118, 0)])","(30, -18, [(990, 0), (808, 0), (398, 0), (80, 0), (81, 0), (130, 0), (122, 0), (103, 0)])","(40, 46, [(696, 0), (102, 0)])","(40, -46, [(692, 1), (740, 0), (111, 0), (135, 0), (93, 0), (150, 0)])","(50, -10, [(985, 0), (970, 0), (928, 0), (102, 0), (128, 0), (95, 0), (83, 0), (147, 0)])","(40, 48, [(289, 0), (119, 0), (94, 0), (111, 0), (108, 0)])","(30, -1, [(12, 1)])","(40, -28, [(714, 0), (143, 0)])","(40, 16, [(788, 1)])","(40, -38, [(906, 0)])","(50, 43, [(758, 0), (144, 0)])","(40, -35, [(1174, 0)])","(40, 63, [(800, 3), (133, 0), (145, 0)])","(40, 35, [(886, 1)])","(30, -33, [(732, 0), (127, 0), (90, 0)])","(40, -37, [(853, 0)])","(40, 46, [(733, 0), (116, 0), (125, 0), (141, 0)])","(50, -25, [(719, 3), (145, 0), (140, 0), (111, 0)])","(50, -3, [(589, 0), (127, 0)])","(50, -44, [(815, 2), (113, 0)])","(50, 4, [(576, 0)])"
"Luff, Luise",2020,"(50, -37, [(279, 1), (80, 0), (127, 0), (115, 0), (130, 0)])","(0, 0, [])","(40, -1, [(617, 0), (131, 0)])","(50, 61, [(330, 0), (129, 0), (122, 0)])","(30, 13, [(659, 0), (395, 0), (118, 0)])","(0, 0, [])","(50, -20, [(354, 0), (520, 0), (143, 0)])","(50, -18, [(661, 0), (94, 0)])","(0, 0, [])","(40, -26, [(352, 0), (125, 0)])","(40, -21, [(1048, 1), (92, 0)])","(40, 4, [(1003, 0), (140, 0), (84, 0)])","(0, 0, [])","(50, -45, [(233, 0), (677, 0), (996, 0), (83, 0), (113, 0), (125, 0)])","(40, 42, [(666, 0)])","(40, -1, [(393, 0), (134, 0)])","(40, -36, [(899, 2)])","(50, 44, [(824, 1)])","(50, 63, [(302, 1)])","(0, 0, [])","(0, 0, [])","(40, 2, [(473, 1)])","(0, 0, [])","(40, 18, [(687, 1), (121, 0)])","(0, 0, [])","(50, 51, [(782, 1), (123, 0)])","(0, 0, [])","(30, 17, [(465, 1)])","(0, 0, [])","(40, -10, [(563, 3), (102, 0), (112, 0)])"
"Macdonald, Marquerite",4055,"(40, -41, [(591, 0), (91, 0), (97, 0), (121, 0)])","(40, -41, [(755, 0), (94, 0), (110, 0)])","(40, -19, [(1574, 1), (115, 0), (84, 0), (103, 0)])","(50, -15, [(1242, 1), (109, 0), (112, 0), (147, 0)])","(40, -21, [(1348, 0), (84, 0)])","(30, -11, [(1908, 2), (149, 0), (81, 0), (99, 0), (148, 0), (86, 0), (141, 0)])","(30, -3, [(1197, 0), (85, 0), (106, 0), (93, 0)])","(40, -37, [(1407, 0), (110, 0), (97, 0), (80, 0)])","(50, -11, [(1415, 0), (146, 0), (106, 0), (145, 0), (137, 0), (132, 0), (138, 0)])","(40, -48, [(562, 0), (131, 0), (88, 0)])","(40, -44, [(1414, 0), (1368, 0), (107, 0), (131, 0), (140, 0)])","(30, -1, [(1254, 0), (125, 0), (110, 0), (119, 0), (148, 0)])","(40, -36, [(1435, 0), (132, 0), (100, 0), (83, 0), (110, 0)])","(30, -16, [(1614, 0), (127, 0), (126, 0)])","(40, -45, [(1677, 0)])","(50, -17, [(683, 2), (136, 0)])","(50, -5, [(1853, 1)])","(40, -9, [(1513, 1), (129, 0), (141, 0), (86, 0)])","(40, -4, [(1713, 1), (90, 0), (148, 0)])","(40, -3, [(1718, 1)])","(50, -46, [(1650, 2), (81, 0)])","(40, -31, [(1765, 2), (87, 0)])","(40, -5, [(1826, 1), (86, 0), (127, 0), (119, 0)])","(40, -27, [(1307, 1), (147, 0), (115, 0), (117, 0), (95, 0)])","(30, -21, [(1333, 2), (80, 0), (147, 0), (129, 0), (89, 0)])","(40, -22, [(1638, 2), (102, 0)])","(50, -3, [(1237, 1), (138, 0), (103, 0), (87, 0), (118, 0), (89, 0)])","(50, -2, [(1406, 3), (116, 0)])","(40, -11, [(1250, 1)])","(40, -21, [(1224, 3), (140, 0)])"
"Mahi, Mika",5401,"(50, -22, [(341, 0), (115, 0), (143, 0), (117, 0), (125, 0), (100, 0)])","(50, -18, [(538, 0), (103, 0), (143, 0)])","(50, -38, [(2174, 0)])","(50, -45, [(1956, 0), (130, 0), (84, 0), (142, 0)])","(50, -46, [(1622, 0), (1288, 0), (86, 0), (104, 0), (135, 0)])","(50, -12, [(2310, 0), (1972, 0), (1917, 0), (141, 0), (120, 0)])","(50, -6, [(1612, 0), (89, 0), (120, 0), (84, 0), (130, 0), (99, 0)])","(50, -3, [(1921, 0), (87, 0)])","(50, -6, [(2228, 0), (121, 0), (133, 0), (84, 0), (97, 0)])","(50, -28, [(639, 0), (141, 0), (124, 0)])","(50, -18, [(1968, 3), (1621, 0), (1446, 0), (122, 0), (89, 0), (111, 0)])","(50, -1, [(1589, 3), (149, 0), (89, 0), (95, 0)])","(50, -21, [(1612, 0), (118, 0), (90, 0), (92, 0), (122, 0)])","(50, -15, [(1646, 0), (1841, 0), (89, 0), (100, 0), (120, 0), (91, 0), (111, 0)])","(50, -23, [(1368, 0), (140, 0), (81, 0), (127, 0)])","(50, -9, [(282, 0), (97, 0), (86, 0), (108, 0)])","(50, -16, [(1983, 2), (93, 0), (101, 0)])","(40, -42, [(1814, 1)])","(50, -11, [(1637, 1), (95, 0)])","(40, -6, [(1936, 1), (107, 0), (142, 0)])","(50, -24, [(2033, 0), (103, 0), (113, 0)])","(50, -36, [(1710, 0), (144, 0)])","(50, -26, [(2234, 1)])","(50, -47, [(1873, 1), (112, 0), (110, 0), (123, 0)])","(40, -5, [(1443, 1)])","(50, -27, [(2038, 3), (88, 0)])","(50, -13, [(1391, 0), (105, 0), (109, 0)])","(50, -29, [(1079, 1), (122, 0)])","(50, -37, [(1673, 1), (97, 0)])","(50, -48, [(1255, 0), (111, 0)])"
"Malcom, Melodie",8958,"(50, 34, [(503, 0), (109, 0), (114, 0), (98, 0), (99, 0), (113, 0)])","(0, 0, [])","(0, 0, [])","(0, 0, [])","(40, 6, [(390, 0), (813, 0), (539, 0), (134, 0), (150, 0), (100, 0)])","(0, 0, [])","(50, 51, [(444, 0), (109, 0), (150, 0)])","(0, 0, [])","(40, -20, [(681, 0), (112, 0), (131, 0)])","(0, 0, [])","(0, 0, [])","(40, 67, [(518, 0)])","(0, 0, [])","(40, 60, [(563, 1), (472, 0), (80, 0), (87, 0)])","(0, 0, [])","(40, 49, [(195, 2)])","(50, 34, [(703, 2), (119, 0)])","(40, 60, [(604, 0), (117, 0), (148, 0)])","(40, 9, [(428, 0)])","(0, 0, [])","(0, 0, [])","(40, 64, [(785, 2), (148, 0)])","(0, 0, [])","(0, 0, [])","(50, 13, [(549, 2), (129, 0)])","(40, 55, [(659, 2)])","(0, 0, [])","(50, 22, [(882, 1)])","(40, 49, [(562, 0)])","(40, 57, [(429, 2)])"
"Marcus, Marguerite",5880,"(50, -26, [(479, 1), (96, 0)])","(40, -4, [(596, 1), (144, 0)])","(40, -39, [(802, 0), (119, 0)])","(30, -13, [(791, 0), (121, 0)])","(40, -46, [(1027, 0), (380, 0), (108, 0)])","(50, 63, [(923, 0), (660, 0)])","(40, -7, [(726, 0)])","(30, -4, [(941, 0), (139, 0)])","(30, -43, [(640, 1), (120, 0), (104, 0)])","(30, -46, [(326, 0), (105, 0), (105, 0)])","(50, -34, [(1049, 0), (123, 0), (97, 0)])","(30, -10, [(483, 0)])","(30, -48, [(888, 0), (85, 0), (106, 0)])","(40, 8, [(616, 0), (837, 0), (114, 0), (149, 0)])","(40, -40, [(912, 0), (96, 0), (140, 0)])","(50, -45, [(164, 0)])","(40, -5, [(981, 1), (116, 0)])","(40, 44, [(773, 1), (117, 0), (122, 0), (136, 0)])","(40, -14, [(863, 2), (83, 0)])","(50, -3, [(674, 1), (144, 0)])","(30, -7, [(835, 1), (121, 0), (115, 0)])","(40, -15, [(997, 1), (83, 0), (80, 0)])","(40, -3, [(913, 2)])","(40, -35, [(714, 1), (139, 0)])","(50, -27, [(678, 3)])","(40, -18, [(820, 1)])","(40, -30, [(623, 1), (121, 0), (138, 0)])","(40, -35, [(330, 2)])","(50, -48, [(675, 1)])","(40, -21, [(606, 1)])"
"Maugeri, Madie",1617,"(40, -23, [(94, 0), (124, 0)])","(0, 0, [])","(40, -32, [(924, 0), (83, 0)])","(40, 37, [(869, 0)])","(50, -27, [(605, 0), (124, 0)])","(0, 0, [])","(50, -2, [(671, 0), (116, 0), (115, 0)])","(40, -36, [(205, 0)])","(40, -10, [(474, 0), (136, 0), (126, 0)])","(30, -43, [(358, 0), (99, 0)])","(0, 0, [])","(0, 0, [])","(0, 0, [])","(40, 14, [(315, 0), (625, 0), (769, 0), (87, 0)])","(40, -21, [(490, 0), (133, 0), (98, 0)])","(50, -44, [(153, 0)])","(40, -48, [(614, 1), (112, 0), (123, 0), (140, 0)])","(50, -1, [(774, 2)])","(0, 0, [])","(50, -31, [(760, 2)])","(0, 0, [])","(50, -21, [(556, 0)])","(0, 0, [])","(30, 55, [(599, 1)])","(40, -13, [(215, 0), (131, 0)])","(0, 0, [])","(40, -13, [(578, 2), (119, 0)])","(50, -34, [(619, 1), (80, 0)])","(30, 47, [(520, 3)])","(50, 19, [(152, 1), (123, 0)])"
"Mcdow, Melony",4564,"(0, 0, [])","(40, -21, [(617, 0), (129, 0), (80, 0), (128, 0)])","(0, 0, [])","(50, 9, [(1382, 0), (146, 0)])","(50, 72, [(1098, 0), (718, 0), (781, 0)])","(0, 0, [])","(30, 21, [(810, 0), (602, 0), (285, 0), (122, 0), (149, 0)])","(40, 9, [(768, 0), (110, 0)])","(50, 15, [(554, 0), (123, 0), (118, 0), (80, 0)])","(0, 0, [])","(0, 0, [])","(50, -10, [(868, 0), (127, 0)])","(40, 9, [(1237, 0), (148, 0), (137, 0)])","(50, 27, [(600, 0), (118, 0), (122, 0)])","(40, -13, [(732, 0), (799, 0), (96, 0), (84, 0)])","(40, 10, [(474, 0), (134, 0), (106, 0), (105, 0)])","(0, 0, [])","(40, 55, [(690, 0), (124, 0), (122, 0)])","(50, 43, [(1094, 0)])","(40, -10, [(1027, 1)])","(40, 62, [(996, 0)])","(0, 0, [])","(30, -43, [(1088, 1)])","(40, 18, [(680, 1)])","(50, 8, [(739, 1)])","(40, -38, [(829, 1), (120, 0)])","(30, 13, [(325, 0), (131, 0)])","(40, 30, [(230, 1)])","(0, 0, [])","(50, 38, [(810, 0)])"
"Meeks, Maira",5180,"(50, -4, [(424, 0), (150, 0), (113, 0), (127, 0), (116, 0), (131, 0)])","(50, -30, [(884, 0)])","(50, -35, [(2650, 0), (123, 0), (139, 0), (107, 0)])","(50, -4, [(2006, 0), (105, 0), (127, 0), (143, 0), (91, 0)])","(50, -44, [(2273, 0), (1812, 0), (144, 0)])","(50, -32, [(2611, 0), (120, 0), (96, 0), (130, 0)])","(50, -45, [(2417, 0), (124, 0), (119, 0), (138, 0)])","(50, -44, [(2383, 0), (123, 0), (94, 0), (132, 0), (123, 0), (90, 0), (105, 0), (134, 0)])","(40, -10, [(2259, 0), (95, 0), (122, 0), (119, 0), (105, 0), (81, 0), (143, 0), (118, 0)])","(50, -15, [(560, 0), (936, 0), (133, 0), (81, 0), (111, 0), (86, 0), (141, 0)])","(50, -40, [(2635, 1), (146, 0), (89, 0), (95, 0), (130, 0)])","(50, -27, [(1735, 0), (115, 0), (133, 0)])","(40, -20, [(2200, 0), (94, 0), (85, 0), (140, 0), (83, 0), (136, 0), (148, 0)])","(50, -35, [(2426, 0), (109, 0), (142, 0), (136, 0)])","(50, -13, [(2245, 0), (149, 0), (120, 0), (139, 0), (111, 0), (121, 0), (87, 0), (123, 0), (97, 0), (146, 0)])","(50, -26, [(743, 0)])","(50, -42, [(2737, 1), (99, 0), (129, 0), (135, 0)])","(50, -34, [(2302, 2)])","(50, -45, [(2620, 1)])","(50, -7, [(2485, 1), (112, 0)])","(40, -28, [(2211, 2), (87, 0), (91, 0), (96, 0)])","(50, -19, [(2532, 1), (83, 0), (139, 0), (94, 0)])","(50, -33, [(2306, 1), (93, 0)])","(50, -24, [(2232, 1)])","(50, -13, [(2434, 1), (131, 0)])","(40, -22, [(2485, 1)])","(50, -9, [(1929, 1), (138, 0), (131, 0), (144, 0)])","(40, -46, [(1625, 1), (139, 0), (102, 0)])","(50, -29, [(2284, 1), (146, 0)])","(50, -16, [(1558, 1)])"
"Michalek, Marquitta",7096,"(40, 30, [(539, 0), (96, 0), (115, 0), (123, 0), (83, 0)])","(50, -22, [(432, 3), (111, 0), (104, 0)])","(50, -30, [(2005, 0), (102, 0), (115, 0)])","(50, -46, [(1972, 1), (137, 0), (126, 0), (145, 0)])","(50, 55, [(1838, 0), (97, 0), (104, 0), (117, 0), (133, 0)])","(50, -48, [(2260, 0), (107, 0), (137, 0), (119, 0), (94, 0), (116, 0), (150, 0)])","(50, 38, [(1495, 0), (114, 0), (89, 0), (120, 0)])","(50, 28, [(2408, 0), (124, 0), (134, 0)])","(50, -39, [(2167, 0), (99, 0), (144, 0), (140, 0), (108, 0), (108, 0)])","(50, 40, [(691, 0), (110, 0), (128, 0), (95, 0)])","(50, -22, [(2039, 0), (83, 0), (92, 0)])","(50, 6, [(1759, 1), (117, 0), (120, 0)])","(50, -30, [(1671, 0), (107, 0), (125, 0), (129, 0)])","(50, -46, [(1956, 0), (145, 0), (98, 0), (83, 0), (133, 0)])","(50, -40, [(1520, 1), (120, 0), (98, 0), (109, 0)])","(50, -22, [(329, 0)])","(50, 18, [(2668, 3)])","(50, 67, [(1499, 2)])","(50, -47, [(1999, 1)])","(50, -44, [(2404, 1), (145, 0)])","(50, 5, [(2070, 0), (94, 0)])","(50, 40, [(2042, 0), (136, 0)])","(50, -8, [(1583, 3), (102, 0)])","(50, 58, [(1713, 3), (123, 0)])","(40, 62, [(1942, 2)])","(50, 10, [(1840, 1), (85, 0)])","(50, -46, [(1296, 0), (139, 0)])","(50, -21, [(1375, 1), (105, 0), (128, 0)])","(50, 30, [(1405, 1), (90, 0)])","(40, -25, [(1376, 3), (91, 0), (122, 0), (116, 0), (139, 0)])"
"Mowry, Marge",7902,"(30, 9, [(585, 0), (137, 0), (90, 0)])","(30, -22, [(528, 0), (134, 0), (96, 0)])","(0, 0, [])","(50, -33, [(1209, 0), (94, 0), (137, 0)])","(40, -37, [(1616, 0), (1032, 0), (110, 0), (100, 0), (141, 0)])","(40, 24, [(908, 1), (1486, 0), (1624, 0), (103, 0), (132, 0), (114, 0), (99, 0), (144, 0)])","(40, -4, [(1362, 0), (101, 0), (127, 0)])","(40, 51, [(1279, 0), (85, 0), (113, 0), (132, 0)])","(40, 15, [(1036, 1)])","(40, -36, [(364, 0), (145, 0), (146, 0)])","(0, 0, [])","(40, -6, [(948, 0)])","(40, -17, [(871, 0), (145, 0)])","(50, -45, [(1015, 1), (96, 0), (102, 0), (145, 0)])","(40, -19, [(721, 3), (1459, 0), (103, 0), (131, 0)])","(0, 0, [])","(50, -25, [(1513, 2), (111, 0), (91, 0)])","(50, -22, [(1689, 3)])","(50, -6, [(1221, 1)])","(30, 12, [(1226, 2), (141, 0), (115, 0), (95, 0)])","(40, -3, [(1236, 1)])","(50, 16, [(1319, 0)])","(50, -33, [(1297, 1)])","(50, 14, [(798, 0)])","(50, 22, [(1360, 3), (101, 0)])","(40, -44, [(932, 2), (81, 0), (85, 0), (124, 0), (126, 0), (129, 0)])","(40, -36, [(1020, 0)])","(40, 69, [(981, 0)])","(0, 0, [])","(30, -22, [(834, 1), (114, 0), (128, 0), (147, 0)])"
"Myers, Monica",5343,"(0, 0, [])","(50, -21, [(438, 0), (139, 0), (141, 0), (127, 0)])","(50, -1, [(367, 0)])","(40, 19, [(626, 1), (140, 0), (116, 0), (99, 0)])","(40, -41, [(830, 0), (655, 0), (92, 0)])","(50, -2, [(481, 0), (523, 0), (1052, 0), (147, 0)])","(0, 0, [])","(40, -42, [(501, 0), (314, 0), (118, 0), (124, 0), (110, 0), (141, 0), (133, 0)])","(50, -38, [(1086, 2), (138, 0)])","(40, -27, [(73, 0), (71, 0), (223, 0)])","(40, -43, [(744, 2), (137, 0), (141, 0)])","(50, 62, [(608, 0), (120, 0)])","(0, 0, [])","(0, 0, [])","(40, -48, [(635, 0), (131, 0), (138, 0), (134, 0), (146, 0)])","(0, 0, [])","(0, 0, [])","(40, 15, [(316, 1), (122, 0), (83, 0)])","(40, -3, [(720, 0), (116, 0)])","(0, 0, [])","(30, -5, [(617, 0), (135, 0), (119, 0), (106, 0), (131, 0)])","(50, -20, [(697, 3), (116, 0)])","(30, -39, [(704, 1), (149, 0), (141, 0)])","(0, 0, [])","(0, 0, [])","(0, 0, [])","(0, 0, [])","(0, 0, [])","(40, -19, [(319, 1), (126, 0), (119, 0)])","(40, -3, [(232, 0)])"
"Nass, Natividad",8657,"(40, 34, [(687, 0), (95, 0), (111, 0), (92, 0)])","(30, -39, [(626, 1)])","(40, -43, [(1602, 0), (89, 0), (87, 0), (113, 0)])","(50, -28, [(1501, 0), (96, 0), (141, 0)])","(40, 72, [(1667, 0), (138, 0), (111, 0), (113, 0), (128, 0)])","(30, -15, [(1927, 0), (120, 0), (119, 0), (98, 0), (120, 0), (109, 0), (88, 0)])","(40, -18, [(1550, 0), (1494, 0), (552, 0), (141, 0)])","(50, 42, [(1239, 0), (1279, 0), (127, 0), (125, 0)])","(40, -33, [(1525, 0), (90, 0), (114, 0), (87, 0), (88, 0), (111, 0)])","(40, -7, [(664, 0), (89, 0), (108, 0), (145, 0), (146, 0), (140, 0), (111, 0), (101, 0), (106, 0)])","(30, 39, [(1743, 0), (1638, 0), (111, 0), (111, 0), (150, 0), (105, 0), (116, 0)])","(40, 47, [(1402, 0), (109, 0), (114, 0), (134, 0), (139, 0), (127, 0)])","(40, 5, [(1845, 0), (84, 0), (96, 0)])","(50, -23, [(1432, 0), (1615, 0), (1512, 0), (141, 0), (109, 0), (111, 0), (132, 0)])","(50, -48, [(1690, 0), (109, 0), (104, 0), (101, 0)])","(30, -46, [(658, 1)])","(30, -20, [(1941, 2), (108, 0), (91, 0), (150, 0)])","(50, -33, [(1531, 2)])","(50, 24, [(1354, 1), (81, 0)])","(40, -23, [(1409, 1), (104, 0)])","(30, -22, [(1769, 2), (87, 0), (88, 0)])","(50, 49, [(1360, 1), (124, 0), (126, 0)])","(40, -39, [(1458, 2), (140, 0), (93, 0)])","(40, -23, [(1523, 1), (97, 0)])","(50, -20, [(1548, 1), (133, 0)])","(40, -3, [(1595, 1), (85, 0), (150, 0), (85, 0)])","(30, -43, [(1138, 1), (138, 0), (93, 0), (114, 0)])","(40, -11, [(1463, 3), (120, 0)])","(50, 7, [(1615, 3), (110, 0)])","(40, -40, [(1143, 1), (81, 0), (149, 0), (112, 0), (139, 0)])"
"Robidoux, Ressie",6819,"(50, -5, [(488, 3), (121, 0)])","(50, -44, [(619, 0), (88, 0)])","(50, -32, [(898, 0)])","(50, -42, [(1069, 0), (132, 0), (101, 0), (145, 0)])","(50, -6, [(638, 0), (641, 0)])","(50, -38, [(696, 0), (121, 0)])","(50, -42, [(868, 1), (103, 0), (105, 0), (150, 0)])","(50, -37, [(1006, 1), (137, 0), (120, 0)])","(50, -31, [(557, 0), (126, 0), (86, 0), (131, 0), (119, 0)])","(50, -17, [(261, 1), (167, 0), (90, 0), (81, 0)])","(50, -11, [(1016, 0), (136, 0), (140, 0)])","(50, -18, [(1128, 0), (130, 0)])","(50, -31, [(865, 0), (137, 0), (87, 0), (136, 0)])","(50, -35, [(957, 0), (92, 0)])","(40, -10, [(988, 0), (136, 0)])","(50, -8, [(321, 0)])","(50, -29, [(1105, 2), (90, 0), (126, 0)])","(40, -32, [(721, 3)])","(50, -45, [(727, 2), (98, 0)])","(50, -37, [(483, 1), (132, 0)])","(50, -26, [(1020, 1), (96, 0), (137, 0)])","(50, -17, [(1060, 1), (110, 0), (109, 0)])","(40, -26, [(745, 1)])","(50, -39, [(838, 3), (82, 0), (150, 0)])","(50, -41, [(917, 1), (133, 0), (96, 0), (110, 0)])","(50, -26, [(937, 2), (82, 0)])","(50, -31, [(771, 2)])","(50, -48, [(239, 1), (140, 0)])","(50, -32, [(675, 3)])","(50, -21, [(382, 3)])"
"Sipes, Shonna",7566,"(50, -13, [(1148, 0), (80, 0), (98, 0), (123, 0), (102, 0)])","(40, -48, [(987, 0), (81, 0)])","(40, 61, [(2602, 0), (130, 0), (150, 0)])","(50, -15, [(2244, 1), (142, 0), (108, 0), (138, 0)])","(50, -8, [(2127, 0), (149, 0), (122, 0), (128, 0), (132, 0), (95, 0), (136, 0), (141, 0)])","(50, -22, [(2617, 0), (106, 0), (144, 0), (134, 0), (120, 0)])","(40, 13, [(2210, 0), (102, 0), (128, 0), (123, 0), (97, 0)])","(50, -47, [(1946, 0), (88, 0), (82, 0), (150, 0), (139, 0)])","(40, 65, [(2506, 0), (132, 0), (105, 0), (87, 0), (103, 0), (138, 0), (133, 0), (85, 0)])","(50, -39, [(557, 0), (926, 0), (82, 0), (138, 0), (145, 0), (86, 0)])","(50, -11, [(2783, 0), (91, 0), (100, 0), (123, 0), (87, 0)])","(50, -26, [(1768, 0), (134, 0), (143, 0), (96, 0), (91, 0)])","(50, -3, [(2074, 2), (126, 0), (134, 0), (101, 0), (140, 0), (96, 0), (110, 0), (118, 0)])","(50, -23, [(2090, 3), (134, 0), (123, 0), (85, 0), (92, 0), (126, 0)])","(50, -42, [(2131, 0), (89, 0), (128, 0), (137, 0)])","(50, -20, [(660, 1)])","(50, -25, [(2803, 1), (93, 0), (108, 0), (129, 0)])","(50, -16, [(2236, 1)])","(50, -2, [(2608, 3), (118, 0), (98, 0)])","(50, 10, [(2566, 1), (146, 0), (131, 0), (141, 0)])","(50, -22, [(2501, 1), (148, 0)])","(50, -35, [(2654, 1)])","(50, -29, [(2117, 1), (96, 0), (80, 0), (120, 0)])","(50, -32, [(1907, 1)])","(50, -32, [(2179, 1)])","(50, -21, [(2916, 2), (129, 0), (146, 0), (121, 0), (138, 0)])","(50, -26, [(1952, 1), (103, 0)])","(50, -13, [(1528, 1), (83, 0), (135, 0), (138, 0)])","(50, -35, [(1910, 2), (92, 0)])","(50, -17, [(1484, 1), (92, 0), (137, 0)])"
"Smither, Synthia",8098,"(50, -19, [(420, 0), (140, 0), (96, 0), (83, 0)])","(50, -18, [(774, 0), (93, 0)])","(50, 29, [(2324, 0), (118, 0), (88, 0), (108, 0), (92, 0)])","(50, 49, [(1840, 2), (96, 0), (120, 0), (98, 0)])","(50, 33, [(2426, 0), (113, 0), (132, 0), (128, 0), (149, 0)])","(0, 0, [])","(50, -39, [(1812, 1)])","(50, -28, [(1962, 2), (123, 0), (102, 0)])","(50, -42, [(2242, 0), (121, 0), (110, 0), (146, 0)])","(50, 68, [(395, 0), (378, 0), (451, 0), (149, 0), (138, 0), (85, 0), (97, 0)])","(50, -40, [(2620, 0), (132, 0), (131, 0), (90, 0), (141, 0)])","(50, 60, [(1968, 0), (130, 0), (108, 0), (141, 0)])","(50, -45, [(1896, 0), (137, 0), (86, 0), (149, 0), (143, 0), (146, 0)])","(40, 54, [(2114, 0), (147, 0), (84, 0), (93, 0), (83, 0)])","(50, 22, [(2063, 0), (2238, 0), (80, 0), (120, 0), (145, 0)])","(0, 0, [])","(50, 48, [(2719, 0), (88, 0)])","(50, 46, [(2123, 1), (95, 0), (120, 0)])","(40, -17, [(2067, 0), (117, 0)])","(50, -35, [(2194, 1), (107, 0), (80, 0), (117, 0)])","(50, -26, [(2070, 2), (120, 0)])","(50, 19, [(2070, 2)])","(50, -25, [(2056, 1), (94, 0)])","(50, 61, [(1861, 2), (83, 0)])","(0, 0, [])","(50, 59, [(2211, 1), (85, 0)])","(0, 0, [])","(50, -26, [(1783, 0), (129, 0), (121, 0)])","(40, 54, [(1293, 3)])","(50, -19, [(1136, 0)])"
"Stayer, Shonta",4182,"(40, 68, [(118, 0)])","(30, -19, [(267, 0), (80, 0)])","(40, 48, [(704, 0), (89, 0), (81, 0), (137, 0), (144, 0)])","(50, 61, [(771, 0)])","(50, 52, [(537, 0), (562, 0)])","(0, 0, [])","(40, 2, [(731, 0), (603, 0), (158, 0), (115, 0)])","(50, 29, [(732, 0), (433, 0), (144, 0), (95, 0)])","(40, 67, [(842, 0), (137, 0), (102, 0)])","(40, 44, [(96, 0), (424, 0), (107, 0)])","(50, 42, [(600, 0), (408, 0), (570, 0)])","(30, 13, [(709, 0), (140, 0), (124, 0)])","(30, -22, [(189, 3), (121, 0), (93, 0)])","(50, 43, [(810, 0), (742, 0), (1054, 0), (96, 0), (104, 0)])","(40, 23, [(396, 2), (132, 0), (143, 0), (97, 0)])","(50, -34, [(47, 2), (92, 0)])","(0, 0, [])","(0, 0, [])","(40, 15, [(780, 1)])","(40, -48, [(1008, 0), (114, 0), (137, 0), (121, 0)])","(30, 16, [(829, 1)])","(0, 0, [])","(0, 0, [])","(40, -17, [(610, 2), (126, 0), (84, 0)])","(40, 71, [(459, 1), (140, 0), (90, 0)])","(50, -36, [(484, 1)])","(50, 3, [(716, 0)])","(40, 5, [(255, 0)])","(40, 54, [(431, 2)])","(30, 5, [(450, 0)])"
"Thayer, Tanika",5364,"(40, -33, [(292, 0), (88, 0), (85, 0)])","(40, -42, [(180, 0)])","(50, -1, [(511, 0), (107, 0), (137, 0), (82, 0), (97, 0)])","(50, -44, [(423, 0), (710, 0), (130, 0), (108, 0)])","(40, -42, [(885, 0), (945, 0), (979, 0), (149, 0), (113, 0), (105, 0), (132, 0)])","(50, -32, [(749, 0), (395, 0), (773, 0), (117, 0)])","(40, 28, [(622, 0)])","(40, -4, [(497, 0), (573, 0), (140, 0), (128, 0)])","(30, 31, [(219, 1), (148, 0), (103, 0)])","(40, -6, [(283, 0), (225, 0), (117, 0)])","(50, -7, [(956, 0), (1069, 0), (142, 0), (108, 0), (90, 0)])","(50, -26, [(465, 0), (91, 0)])","(30, -45, [(540, 1), (647, 0)])","(50, -18, [(758, 0)])","(30, -28, [(277, 0), (517, 0), (123, 0)])","(50, -34, [(149, 0)])","(40, -23, [(672, 0)])","(40, -33, [(329, 1), (130, 0), (127, 0)])","(30, -47, [(543, 1)])","(50, -24, [(879, 0)])","(40, -45, [(598, 0)])","(50, -31, [(731, 1), (145, 0), (146, 0)])","(40, -23, [(333, 0)])","(50, -47, [(679, 1)])","(30, -37, [(607, 2)])","(40, -30, [(541, 2), (104, 0), (90, 0), (88, 0)])","(40, -23, [(431, 0), (105, 0)])","(40, -32, [(643, 0), (126, 0)])","(40, -42, [(534, 0)])","(40, -25, [(152, 3)])"
"Trimmer, Tommy",1754,"(30, -40, [(1295, 0), (90, 0), (144, 0), (93, 0), (100, 0), (137, 0), (149, 0), (108, 0)])","(40, -12, [(1167, 0), (96, 0), (117, 0), (110, 0), (132, 0), (123, 0)])","(40, 12, [(3357, 0), (89, 0), (87, 0), (103, 0), (114, 0)])","(50, 16, [(3222, 0), (2669, 0), (113, 0), (149, 0), (94, 0), (132, 0), (102, 0), (144, 0)])","(40, -13, [(2997, 0), (2951, 0), (3461, 0), (118, 0), (101, 0), (109, 0), (90, 0), (111, 0), (132, 0), (120, 0), (103, 0), (147, 0)])","(40, -41, [(3864, 1), (3041, 0), (3786, 0), (111, 0), (86, 0), (145, 0), (146, 0), (98, 0), (82, 0), (137, 0)])","(50, -46, [(2977, 0), (102, 0), (86, 0), (89, 0), (86, 0), (96, 0)])","(40, -38, [(3297, 0), (2066, 0), (98, 0), (127, 0), (140, 0), (113, 0), (124, 0), (124, 0)])","(40, -9, [(3406, 2), (109, 0), (115, 0), (135, 0), (88, 0), (139, 0), (147, 0), (111, 0), (135, 0), (113, 0), (83, 0)])","(30, -38, [(1092, 0), (550, 0), (84, 0), (94, 0), (148, 0), (128, 0)])","(40, -8, [(3312, 0), (2707, 0), (2334, 0), (126, 0), (120, 0), (95, 0), (86, 0), (122, 0), (120, 0)])","(50, -42, [(2634, 0), (80, 0), (135, 0), (114, 0), (96, 0), (146, 0), (132, 0)])","(50, -43, [(3006, 0), (3301, 0), (92, 0), (81, 0), (103, 0), (88, 0), (115, 0), (84, 0), (109, 0)])","(40, -36, [(2745, 0), (141, 0), (85, 0), (105, 0), (104, 0), (145, 0), (131, 0), (102, 0), (138, 0)])","(50, 33, [(2829, 0), (3280, 0), (139, 0), (147, 0), (93, 0), (150, 0), (131, 0), (129, 0), (98, 0)])","(40, -11, [(794, 2), (108, 0)])","(40, -43, [(3970, 1), (103, 0), (85, 0), (122, 0), (109, 0), (97, 0), (91, 0)])","(50, -29, [(2665, 0)])","(50, -44, [(3195, 0), (135, 0)])","(40, -7, [(3173, 0)])","(30, -6, [(3041, 0), (137, 0), (128, 0)])","(40, -31, [(3159, 0), (128, 0), (93, 0), (96, 0)])","(30, -23, [(2756, 1), (93, 0)])","(40, -16, [(2499, 0), (115, 0), (102, 0)])","(50, -3, [(3382, 0), (143, 0), (109, 0)])","(40, -16, [(3457, 2), (104, 0), (104, 0), (140, 0), (144, 0)])","(30, -5, [(2654, 0), (83, 0)])","(40, -41, [(2349, 1), (91, 0), (135, 0), (100, 0), (92, 0)])","(50, -30, [(2774, 0), (107, 0), (111, 0)])","(40, -22, [(1608, 0), (107, 0)])"
"Viviani, Vella",1451,"(50, 17, [(832, 0), (126, 0), (123, 0), (142, 0)])","(50, -43, [(425, 1), (124, 0), (143, 0)])","(40, 24, [(2206, 1), (146, 0)])","(50, -29, [(2109, 0), (143, 0), (121, 0), (117, 0)])","(40, -37, [(1393, 0), (143, 0)])","(50, -23, [(2119, 2), (127, 0), (88, 0)])","(50, -43, [(1899, 1), (1463, 0), (136, 0), (114, 0), (144, 0)])","(50, -19, [(1783, 0), (81, 0), (113, 0), (121, 0), (101, 0), (131, 0), (110, 0), (83, 0)])","(50, -3, [(1922, 0), (142, 0), (105, 0), (84, 0)])","(50, -42, [(506, 0), (80, 0), (102, 0), (143, 0), (123, 0), (89, 0), (101, 0)])","(50, -2, [(1812, 0), (1930, 0), (108, 0)])","(40, -18, [(1602, 0)])","(50, -26, [(1381, 1), (112, 0), (109, 0), (107, 0), (141, 0), (112, 0)])","(50, 61, [(1493, 0), (2037, 0), (115, 0), (99, 0), (142, 0), (99, 0)])","(50, -44, [(1636, 3), (147, 0), (139, 0)])","(40, -14, [(696, 1), (81, 0), (122, 0)])","(50, -46, [(2339, 1), (149, 0), (147, 0), (96, 0), (117, 0), (136, 0)])","(50, -34, [(1939, 2)])","(50, 34, [(1920, 2), (80, 0), (81, 0)])","(50, -22, [(1471, 2), (110, 0)])","(40, -37, [(2054, 2), (82, 0)])","(50, -44, [(1889, 0), (81, 0)])","(40, -25, [(2016, 2), (86, 0)])","(40, 64, [(2055, 1)])","(50, -14, [(1952, 3), (132, 0), (118, 0)])","(50, -44, [(1910, 1), (134, 0)])","(50, -18, [(1448, 1), (130, 0)])","(50, -11, [(1287, 1), (91, 0), (103, 0)])","(40, -2, [(1273, 1), (130, 0)])","(50, -20, [(1295, 1), (133, 0)])"
"Warkentin, Whitley",2553,"(40, 68, [(354, 0)])","(30, 42, [(245, 1), (148, 0), (107, 0), (89, 0), (120, 0)])","(40, -23, [(544, 0)])","(40, -35, [(718, 0), (509, 0), (129, 0)])","(40, 39, [(767, 0)])","(50, 33, [(584, 1), (119, 0)])","(40, 22, [(568, 0), (428, 0), (339, 0), (106, 0)])","(50, 58, [(883, 0), (114, 0)])","(40, -36, [(571, 1), (107, 0), (99, 0)])","(50, 63, [(66, 0), (144, 0)])","(50, -20, [(667, 0), (379, 0), (84, 0)])","(40, 46, [(680, 2), (85, 0), (90, 0)])","(40, 56, [(612, 0), (109, 0), (142, 0)])","(50, 3, [(677, 0), (147, 0)])","(40, -17, [(590, 0), (110, 0)])","(40, 38, [(458, 0), (128, 0), (136, 0)])","(40, 13, [(765, 1)])","(30, 70, [(577, 0)])","(30, 69, [(674, 1)])","(40, 16, [(621, 1)])","(30, -28, [(682, 1)])","(40, 8, [(763, 1)])","(30, -41, [(794, 1)])","(40, -23, [(559, 0), (103, 0)])","(40, 37, [(584, 1)])","(40, -25, [(667, 1)])","(40, -45, [(771, 0)])","(40, 58, [(467, 0)])","(50, -16, [(788, 0), (145, 0)])","(30, 12, [(220, 1)])"
"Yelvington, Yasmin",6402,"(40, -4, [(272, 1), (126, 0), (141, 0), (98, 0), (87, 0), (91, 0), (99, 0)])","(50, -44, [(845, 0), (143, 0)])","(50, -2, [(1724, 0), (112, 0), (132, 0)])","(50, -48, [(1264, 0), (106, 0), (82, 0), (111, 0), (101, 0)])","(40, -7, [(1367, 0), (1433, 0), (1644, 0), (108, 0)])","(50, -18, [(1693, 0), (114, 0), (104, 0), (143, 0)])","(40, 19, [(1498, 0), (135, 0)])","(50, -6, [(1122, 0), (1267, 0), (112, 0), (84, 0), (119, 0), (120, 0), (142, 0)])","(50, -47, [(1510, 0), (84, 0), (80, 0), (82, 0), (96, 0), (80, 0), (121, 0)])","(40, 18, [(225, 1), (584, 0), (90, 0), (112, 0), (103, 0), (99, 0), (95, 0), (98, 0)])","(50, -21, [(1648, 0), (127, 0), (123, 0), (108, 0)])","(50, 8, [(1147, 0), (140, 0), (97, 0)])","(50, -45, [(1709, 0), (140, 0), (88, 0), (117, 0), (92, 0), (114, 0)])","(50, -13, [(1432, 0), (106, 0), (111, 0)])","(40, 66, [(1590, 0), (95, 0), (119, 0), (102, 0), (103, 0), (149, 0), (142, 0)])","(50, -2, [(468, 1)])","(50, -35, [(1776, 1), (85, 0), (109, 0), (115, 0)])","(50, -33, [(1710, 1)])","(50, -10, [(1461, 0), (92, 0)])","(50, -34, [(1604, 2)])","(40, 22, [(1800, 0), (123, 0), (135, 0), (105, 0)])","(50, -8, [(1550, 1), (97, 0), (81, 0), (81, 0), (107, 0)])","(50, -29, [(1478, 1), (133, 0)])","(50, -15, [(843, 1)])","(40, 56, [(1523, 2)])","(40, 34, [(1916, 3), (86, 0), (97, 0)])","(50, -6, [(1352, 2)])","(50, -35, [(1103, 1), (135, 0), (89, 0), (86, 0)])","(40, 38, [(1267, 1), (119, 0)])","(50, 59, [(870, 0)])"
"Zuchowski, Zachery",5443,"(50, -7, [(496, 3), (143, 0), (146, 0), (107, 0)])","(50, -23, [(383, 0), (128, 0), (84, 0), (148, 0), (99, 0)])","(50, -30, [(1861, 0), (149, 0)])","(50, -25, [(1243, 0), (106, 0), (117, 0), (90, 0)])","(50, -32, [(1500, 0), (84, 0), (143, 0), (126, 0), (136, 0)])","(50, -2, [(1741, 0), (130, 0)])","(50, -40, [(920, 0), (103, 0), (122, 0), (106, 0), (149, 0)])","(50, -10, [(1158, 0), (132, 0), (135, 0), (106, 0)])","(50, -16, [(1602, 0), (81, 0), (141, 0), (94, 0), (92, 0)])","(50, -7, [(284, 0), (476, 0), (111, 0), (80, 0)])","(40, -21, [(1738, 0), (1466, 0), (123, 0), (138, 0)])","(50, -38, [(1028, 0), (145, 0), (134, 0), (130, 0)])","(50, -33, [(1481, 0), (147, 0), (149, 0), (109, 0), (124, 0), (119, 0)])","(50, -1, [(1044, 0), (91, 0), (147, 0), (91, 0)])","(40, -13, [(1524, 0)])","(50, -33, [(178, 0), (106, 0), (107, 0)])","(50, -43, [(1837, 2), (106, 0), (136, 0)])","(50, -6, [(1580, 1), (142, 0)])","(50, -16, [(1840, 3), (129, 0)])","(50, -26, [(1671, 1), (122, 0), (88, 0), (123, 0)])","(40, -20, [(1998, 1), (144, 0)])","(50, -41, [(1769, 1)])","(50, -30, [(1457, 2), (116, 0), (100, 0), (84, 0)])","(50, -9, [(978, 1)])","(50, -30, [(1463, 1), (120, 0), (127, 0), (131, 0)])","(50, -27, [(1708, 1), (132, 0)])","(50, -15, [(1088, 1), (119, 0)])","(50, -6, [(1048, 1), (92, 0), (102, 0)])","(50, -10, [(1091, 2)])","(40, -4, [(1165, 1), (123, 0)])"
