sortable_name,id,838-Only Assignment: Modern Graphical Perception,838-Only Assignment: Original Sources (reading),838-Only Assignment: Vis Research,838-Only Assignment: Vis in Your Field,Design Challenge 1: Tasks & Critiques of the Standard Design,Discussion 7A: Re-Design,Discussion 7B: Exploring Contrast,Reading 10 & 11: Color,Reading 12: Encodings and Layout,Reading 14 & 15: Graphs and Networks,"Reading 16 & 17: Bi-Variate, Multi-Variate",Reading 18 & 19: Interaction,Reading 1: Getting Started,Reading 20: Too Much Stuff,Reading 21: Uncertainty,Reading 22A: 3D (not D3),Reading 22B: D3 (not 3D),Reading 23: Videos,Reading 2: Perspectives on Visualizations,Reading 3: Why Visualization?,Reading 4: Data and Task Abstraction,Reading 5: Think Differently!,Reading 6: Evaluation -- How do we know it's any good?,Reading 8: Perception 101,Seek and Find 10: Interaction,Seek and Find 11: Too Much Stuff,Seek and Find 12: Uncertainty,Seek and Find 13: 3D,Seek and Find 14: A Last Example,Seek and Find 2: Why Vis This?,Seek and Find 3: Non-Standard Designs,Seek and Find 4: Critique,Seek and Find 5: Perception at Work!,Seek and Find 6: Something Colorful,Seek and Find 7: Name that Encoding!,Seek and Find 8: Graphs,Seek and Find 9: Multi-Variate,Virtual Guest Lecture (Discussion 19)
"Abston, Alessandra",4359342,"(0, 0, [])","(0, 0, [])","(0, 0, [])","(0, 0, [])","(0, -26, [(2038, 0), (817, 0)])","(40.0, -15, [(1595, 3), (390, 0), (300, 0)])","(40.0, -38, [(92, 2), (56, 0), (10, 0)])","(40.0, -54, [(2248, 0), (953, 0), (1222, 0)])","(35.0, -57, [(4535, 0)])","(40.0, -7, [(2899, 1), (776, 0), (1111, 0)])","(40.0, -57, [(1816, 0), (605, 0)])","(40.0, -3, [(1697, 0), (360, 0)])","(40.0, -45, [(1251, 0), (284, 0), (164, 0)])","(0, -33, [(3455, 0), (2070, 0)])","(0, -61, [(4231, 0), (729, 0)])","(30.0, -14, [(2393, 0)])","(0, -86, [(2694, 0), (362, 0), (57, 0)])","(0, -105, [(3801, 0), (639, 0), (788, 0)])","(40.0, -34, [(2573, 0), (579, 0)])","(40.0, -33, [(3683, 0), (497, 0)])","(50.0, -58, [(3284, 0), (626, 0), (319, 0), (118, 0)])","(40.0, -51, [(1500, 0), (1136, 1)])","(50.0, -49, [(5078, 0), (720, 0), (994, 0)])","(40.0, -34, [(2170, 0), (1123, 0), (484, 0), (433, 0)])","(40.0, -26, [(1164, 0), (378, 0)])","(50.0, -13, [(1711, 1)])","(40.0, -38, [(1170, 1), (352, 0), (388, 0)])","(50.0, -62, [(1951, 2), (514, 0), (713, 0)])","(50.0, 0, [(3261, 2), (47, 0), (798, 0), (196, 0)])","(40.0, -44, [(1092, 1), (521, 0), (249, 0), (436, 0), (28, 0)])","(40.0, -55, [(999, 1), (167, 0)])","(47.0, -80, [(2699, 1), (619, 0), (473, 0)])","(45.0, -33, [(2138, 1), (85, 0), (592, 0), (63, 0), (79, 0)])","(40.0, -37, [(1579, 2), (28, 0), (633, 0)])","(50.0, -13, [(3074, 3)])","(40.0, -38, [(1349, 1), (251, 0), (215, 0)])","(0, 0, [])","(50.0, -13, [(2911, 0), (1562, 0), (1586, 0)])"
"Allain, April",4359355,"(0, 0, [])","(0, 0, [])","(0, 0, [])","(0, 0, [])","(0, 0, [])","(0, 0, [])","(0, 0, [])","(0, 0, [])","(0, 0, [])","(0, 0, [])","(0, 0, [])","(0, 0, [])","(40.0, 0, [])","(0, 0, [])","(0, 0, [])","(0, 0, [])","(0, 0, [])","(0, 0, [])","(0, 0, [])","(0, 0, [])","(0, 0, [])","(0, 0, [])","(0, 0, [])","(0, 0, [])","(0, 0, [])","(0, 0, [])","(0, 0, [])","(0, 0, [])","(0, 0, [])","(0, 0, [])","(0, 0, [])","(0, 0, [])","(0, 0, [])","(0, 0, [])","(0, 0, [])","(0, 0, [])","(0, 0, [])","(0, 0, [])"
"Alvey, Ardella",4359324,"(40.0, -2, [(3079, 0)])","(0, 0, [])","(30.0, 9, [(2369, 0)])","(40.0, -8, [(3856, 2), (235, 0), (356, 0), (787, 0)])","(0, -2, [(2696, 0), (376, 0)])","(40.0, -1, [(802, 1), (681, 0)])","(50.0, -1, [(828, 2), (58, 0), (20, 0)])","(25.0, -4, [(2139, 0)])","(40.0, -7, [(1557, 0), (148, 0), (697, 0)])","(50.0, -2, [(1896, 0), (2376, 0), (631, 0), (353, 0), (499, 0), (308, 0)])","(35.0, -1, [(2338, 0)])","(50.0, -7, [(2670, 0), (915, 0), (211, 0)])","(40.0, 0, [(1680, 0), (750, 0)])","(0, -9, [(1965, 0)])","(0, -3, [(1276, 0)])","(34.0, 0, [(1950, 0), (803, 0), (386, 0)])","(0, -15, [(1832, 0), (595, 0)])","(32.0, -60, [(1966, 0)])","(50.0, -10, [(1924, 0), (285, 0), (442, 0)])","(20.0, -5, [(1282, 0)])","(40.0, -4, [(1871, 0), (509, 0)])","(40.0, -4, [(1743, 0), (1468, 0)])","(50.0, 0, [(729, 0), (561, 0), (629, 0), (605, 0), (505, 0)])","(50.0, -14, [(2754, 0), (2305, 0), (237, 0), (363, 0), (337, 0), (209, 0)])","(40.0, -1, [(99, 0), (765, 0)])","(40.0, -57, [(786, 2)])","(40.0, -3, [(561, 1)])","(30.0, 19, [(695, 1)])","(40.0, -8, [(861, 1)])","(40.0, 6, [(814, 1)])","(40.0, -3, [(897, 1)])","(40.0, -3, [(883, 1)])","(40.0, -8, [(357, 1)])","(30.0, -2, [(681, 1)])","(35.0, -2, [(927, 1)])","(40.0, -1, [(981, 1)])","(0, 0, [])","(35.0, 32, [(1872, 0), (609, 0)])"
"Anselmo, Audrie",4359364,"(0, 0, [])","(0, 0, [])","(0, 0, [])","(0, 0, [])","(0, 0, [])","(0, 0, [])","(0, 0, [])","(0, 0, [])","(0, 0, [])","(0, 0, [])","(0, 0, [])","(0, 0, [])","(40.0, -16, [(710, 0), (188, 0)])","(0, 0, [])","(0, 0, [])","(0, 0, [])","(0, 0, [])","(0, 0, [])","(40.0, -4, [(1773, 0), (378, 0)])","(0, 0, [])","(0, 0, [])","(0, 0, [])","(0, 0, [])","(0, 0, [])","(0, 0, [])","(0, 0, [])","(0, 0, [])","(0, 0, [])","(0, 0, [])","(0, 0, [])","(0, 0, [])","(0, 0, [])","(0, 0, [])","(0, 0, [])","(0, 0, [])","(0, 0, [])","(0, 0, [])","(0, 0, [])"
"Atkison, Antoine",4359370,"(0, 0, [])","(0, 0, [])","(0, 0, [])","(0, 0, [])","(0, -2, [(2686, 0), (375, 0)])","(40.0, -6, [(397, 1), (174, 0)])","(40.0, 0, [(61, 1), (223, 0)])","(40.0, -79, [(1206, 0), (161, 0), (535, 0), (184, 0)])","(40.0, 0, [(1365, 0), (147, 0)])","(40.0, -1, [(1009, 0), (537, 0)])","(40.0, -11, [(1056, 0), (279, 0), (131, 0)])","(30.0, -2, [(829, 0), (167, 0)])","(40.0, -16, [(536, 0), (291, 0)])","(0, 0, [])","(0, -4, [(2530, 0), (508, 0)])","(25.0, -2, [(1106, 0)])","(0, -8, [(1748, 0), (22, 0)])","(31.0, -49, [(1290, 0)])","(40.0, 0, [(1740, 0), (846, 0)])","(40.0, -2, [(841, 0), (920, 0)])","(40.0, -8, [(2216, 0), (684, 0)])","(20.0, 9, [(1026, 0), (1103, 0), (907, 0)])","(40.0, -1, [(1781, 0), (697, 0)])","(40.0, -1, [(453, 0), (960, 0), (205, 0), (232, 0), (563, 0)])","(35.0, -8, [(428, 0), (141, 0)])","(0, 0, [])","(40.0, -2, [(382, 1)])","(40.0, -1, [(420, 1)])","(40.0, 0, [(824, 1)])","(40.0, -20, [(572, 1)])","(20.0, 10, [(921, 1)])","(40.0, 0, [(1196, 1)])","(40.0, -3, [(335, 1)])","(37.0, -151, [(151, 0), (512, 1), (15, 0), (216, 0)])","(40.0, -6, [(1302, 1), (297, 0)])","(40.0, -2, [(341, 1)])","(0, 0, [])","(0, 0, [])"
"Au, Aja",4359248,"(0, 0, [])","(0, 0, [])","(0, 0, [])","(0, 0, [])","(0, 0, [])","(0, 0, [])","(0, 0, [])","(0, 0, [])","(0, 0, [])","(0, 0, [])","(0, 0, [])","(0, 0, [])","(40.0, -72, [])","(0, 0, [])","(0, 0, [])","(0, 0, [])","(0, 0, [])","(0, 0, [])","(0, 0, [])","(0, 0, [])","(0, 0, [])","(0, 0, [])","(0, 0, [])","(0, 0, [])","(0, 0, [])","(0, 0, [])","(0, 0, [])","(0, 0, [])","(0, 0, [])","(0, 0, [])","(0, 0, [])","(0, 0, [])","(0, 0, [])","(0, 0, [])","(0, 0, [])","(0, 0, [])","(0, 0, [])","(0, 0, [])"
"Aubert, Alfredia",3450329,"(40.0, -1, [(4027, 0)])","(40.0, -7, [(5502, 0), (626, 0)])","(40.0, -8, [(2617, 0)])","(40.0, 0, [(4600, 1), (135, 0), (455, 0)])","(0, -75, [(3003, 0), (390, 0)])","(40.0, -6, [(1191, 2), (337, 0)])","(40.0, -30, [(0, 1), (170, 0), (70, 0), (118, 0)])","(40.0, -3, [(2814, 0), (322, 0), (57, 0), (2613, 0)])","(45.0, -4, [(3620, 0), (247, 0)])","(50.0, -3, [(2024, 0), (211, 0), (1349, 0), (830, 0)])","(40.0, -3, [(2602, 0), (137, 0), (383, 0), (604, 0)])","(40.0, -2, [(1905, 0)])","(50.0, -16, [(1301, 0), (441, 0), (707, 0), (680, 0)])","(0, -1, [(1221, 0), (3168, 0)])","(0, -15, [(2334, 0), (225, 0)])","(33.0, -28, [(1637, 0), (369, 0), (34, 0), (232, 0)])","(0, -123, [(1431, 0), (60, 0)])","(34.0, -1, [(1425, 0), (366, 0)])","(40.0, -54, [(2980, 0), (497, 0), (257, 0), (394, 0)])","(50.0, -79, [(1829, 0), (545, 0), (690, 0), (535, 0), (246, 0)])","(50.0, -34, [(2553, 0), (415, 0), (952, 0), (689, 0), (672, 0), (355, 0), (495, 0), (355, 0)])","(50.0, -15, [(2011, 0), (1436, 0), (303, 0), (399, 0), (300, 0), (424, 0), (254, 0)])","(50.0, -36, [(2664, 0), (704, 0), (505, 0)])","(50.0, -36, [(2267, 0), (949, 0), (651, 0), (853, 0), (341, 0)])","(45.0, -9, [(1108, 1)])","(40.0, -5, [(1471, 2)])","(40.0, -7, [(1062, 1), (213, 0)])","(40.0, 0, [(741, 2)])","(40.0, 0, [(1377, 1)])","(40.0, -65, [(922, 1), (273, 0)])","(40.0, -8, [(761, 1), (299, 0)])","(40.0, -6, [(1192, 1)])","(45.0, -85, [(772, 1), (107, 0), (107, 0), (121, 0), (111, 0), (310, 0)])","(32.0, -1, [(1196, 1)])","(40.0, -2, [(2599, 1), (404, 0)])","(40.0, -1, [(794, 2)])","(0.0, 0, [(399, 1)])","(35.0, -2, [(3386, 0)])"
"Avants, Adelaide",4117184,"(40.0, 0, [(3891, 0)])","(0, 0, [])","(40.0, -7, [(2533, 0), (295, 0)])","(35.0, -7, [(5682, 3)])","(0, 0, [(2805, 0), (1005, 0)])","(40.0, 0, [(1661, 2), (378, 0)])","(40.0, 0, [(78, 2), (295, 0)])","(40.0, 0, [(3201, 1), (570, 0), (504, 0)])","(45.0, 0, [(2511, 0), (396, 0), (599, 0)])","(50.0, -1, [(6172, 5), (254, 0)])","(45.0, 0, [(2796, 0), (2037, 0), (890, 0)])","(50.0, 0, [(3216, 0), (113, 0), (337, 0)])","(40.0, -17, [(2227, 0), (503, 0), (622, 1)])","(0, 0, [(2112, 0), (2547, 1), (23, 0), (986, 0)])","(0, 0, [(2743, 0)])","(35.0, 0, [(3020, 0), (224, 0), (761, 0)])","(0, 0, [(3313, 0), (589, 0)])","(32.0, -1, [(2508, 0), (776, 0)])","(40.0, 0, [(2355, 0), (444, 0), (512, 0)])","(50.0, 0, [(4081, 0), (504, 0), (565, 0)])","(40.0, 0, [(3411, 3), (321, 0)])","(40.0, -2, [(1849, 0), (497, 0), (1370, 0)])","(40.0, 0, [(4577, 4), (411, 0)])","(50.0, 0, [(2681, 0), (653, 0), (262, 0)])","(40.0, -8, [(1418, 2)])","(40.0, -3, [(2673, 1)])","(40.0, -11, [(3526, 5), (1080, 0)])","(40.0, -1, [(964, 2)])","(40.0, 0, [(1613, 2)])","(50.0, -18, [(2792, 1), (267, 0), (277, 0), (502, 0), (451, 0), (332, 0)])","(40.0, -1, [(2113, 1), (499, 0), (872, 0)])","(40.0, -1, [(1022, 1)])","(40.0, -1, [(1038, 1)])","(30.0, 0, [(1049, 1)])","(40.0, 0, [(962, 2)])","(40.0, 0, [(732, 1)])","(0, 0, [])","(50.0, -6, [(3242, 0), (266, 0), (708, 0), (621, 0), (447, 0)])"
"Ayer, Agustin",4359356,"(40.0, -27, [(2939, 0)])","(40.0, -2, [(2831, 0)])","(40.0, -6, [(3513, 0)])","(30.0, -32, [(1378, 1)])","(0, -2, [(705, 0)])","(40.0, -27, [(353, 2), (253, 0)])","(40.0, -26, [(194, 2)])","(40.0, -2, [(1358, 0), (1765, 0), (439, 0)])","(40.0, -2, [(2223, 0), (433, 0)])","(50.0, -3, [(1211, 1), (2938, 0), (364, 0)])","(40.0, -3, [(1735, 0), (349, 0)])","(40.0, -2, [(1807, 0), (648, 0), (298, 0)])","(40.0, -17, [(434, 0), (448, 0)])","(0, -5, [(1705, 0), (1359, 0), (386, 0)])","(0, -54, [(2147, 0)])","(31.0, -3, [(2320, 0), (413, 0)])","(0, -31, [(1281, 0), (398, 0)])","(30.0, -105, [(1818, 0)])","(40.0, -4, [(2457, 0), (537, 0)])","(40.0, -2, [(1225, 0), (465, 0)])","(40.0, -3, [(805, 0), (480, 0)])","(40.0, -8, [(707, 0), (281, 0), (533, 0)])","(40.0, -2, [(2189, 0), (283, 0)])","(35.0, -3, [(1684, 0), (601, 0)])","(35.0, -27, [(505, 1)])","(40.0, -26, [(400, 1)])","(40.0, -26, [(399, 1)])","(40.0, -26, [(623, 1)])","(40.0, -51, [(1030, 1)])","(40.0, -15, [(809, 1)])","(30.0, -3, [(500, 1)])","(35.0, -30, [(698, 1)])","(40.0, -27, [(603, 1)])","(30.0, -7, [(408, 1)])","(40.0, -27, [(928, 1)])","(40.0, -50, [(409, 1)])","(0, 0, [])","(40.0, -83, [(1415, 0), (490, 0)])"
"Bookout, Bella",4359350,"(0, 0, [])","(0, 0, [])","(0, 0, [])","(0, 0, [])","(0, 0, [])","(0, 0, [])","(0, 0, [])","(0, 0, [])","(0, 0, [])","(0, 0, [])","(0, 0, [])","(0, 0, [])","(40.0, -2, [(666, 0), (317, 0)])","(0, 0, [])","(0, 0, [])","(0, 0, [])","(0, 0, [])","(0, 0, [])","(0, 0, [])","(0, 0, [])","(0, 0, [])","(0, 0, [])","(0, 0, [])","(0, 0, [])","(0, 0, [])","(0, 0, [])","(0, 0, [])","(0, 0, [])","(0, 0, [])","(0, 0, [])","(0, 0, [])","(0, 0, [])","(0, 0, [])","(0, 0, [])","(0, 0, [])","(0, 0, [])","(0, 0, [])","(0, 0, [])"
"Bruton, Buck",3949598,"(0, 0, [])","(0, 0, [])","(0, 0, [])","(0, 0, [])","(0, -6, [(1535, 0), (513, 0)])","(40.0, -7, [(864, 2), (355, 0)])","(40.0, -5, [(84, 2)])","(40.0, -1, [(1692, 1), (1157, 0), (399, 0), (472, 0)])","(40.0, -3, [(1920, 0), (654, 0)])","(50.0, -8, [(1567, 0), (1505, 0), (245, 0)])","(40.0, 0, [(1600, 0), (601, 1)])","(40.0, -1, [(2157, 0)])","(40.0, -12, [(2482, 0), (249, 0)])","(0, 0, [(2169, 0), (471, 0)])","(0, 0, [(1774, 0), (147, 0)])","(25.0, 0, [(858, 0), (387, 0)])","(0, -1, [(1292, 0), (245, 0)])","(40.0, -2, [(1624, 0), (510, 0), (810, 0)])","(40.0, -4, [(2970, 0), (883, 2)])","(40.0, -3, [(1765, 0), (491, 0)])","(50.0, -3, [(2393, 1), (658, 0)])","(40.0, -4, [(2083, 0), (333, 0)])","(40.0, -4, [(1992, 0), (362, 0), (340, 0)])","(40.0, -3, [(1441, 0), (581, 0), (282, 0)])","(40.0, -48, [(1063, 1)])","(50.0, -10, [(669, 0), (1004, 1)])","(40.0, 0, [(476, 1)])","(40.0, -9, [(396, 0), (768, 2)])","(40.0, -1, [(750, 1), (920, 0)])","(40.0, -13, [(1360, 1), (540, 0)])","(40.0, -2, [(1137, 2)])","(40.0, -9, [(1580, 1)])","(40.0, -9, [(809, 2)])","(35.0, -2, [(1364, 1)])","(40.0, 0, [(1594, 1), (118, 0), (92, 0)])","(50.0, -55, [(1373, 1)])","(0, 0, [])","(35.0, -2, [(1823, 0)])"
"Chmielewski, Candida",4359357,"(40.0, -30, [(2954, 0)])","(40.0, -31, [(3775, 0)])","(39.0, -3, [(2216, 0)])","(40.0, -25, [(3461, 1), (387, 0)])","(0, -8, [(2587, 0)])","(40.0, -6, [(485, 1), (270, 0)])","(40.0, -5, [(52, 1)])","(40.0, -7, [(3426, 0), (161, 0), (2172, 0)])","(40.0, -26, [(2804, 0), (447, 0)])","(50.0, -24, [(2451, 0), (1782, 0)])","(40.0, -1, [(2043, 0), (458, 0)])","(40.0, -10, [(2426, 0)])","(40.0, -18, [(899, 0), (697, 0)])","(0, -7, [(1743, 0), (1050, 0), (496, 0)])","(0, -9, [(1862, 0)])","(27.0, -12, [(1692, 0)])","(0, -12, [(1449, 0), (559, 0)])","(30.0, -1, [(1903, 0)])","(40.0, -34, [(1328, 0), (1116, 0)])","(40.0, -9, [(1923, 0), (769, 0)])","(40.0, -5, [(801, 0), (725, 0)])","(40.0, -9, [(1258, 0), (757, 0), (409, 0)])","(40.0, -2, [(2029, 0), (561, 0)])","(40.0, -4, [(2209, 0), (763, 0), (393, 0), (806, 0)])","(40.0, -9, [(753, 1)])","(40.0, -8, [(824, 1)])","(40.0, -29, [(1583, 1)])","(40.0, -5, [(1172, 1)])","(40.0, -1, [(1265, 1)])","(40.0, -60, [(839, 1), (783, 0)])","(40.0, -1, [(1337, 1)])","(45.0, -8, [(1521, 1)])","(40.0, -9, [(574, 1)])","(30.0, -5, [(808, 1)])","(40.0, -2, [(1384, 1)])","(40.0, -9, [(829, 1)])","(0, 0, [])","(40.0, -8, [(1478, 0), (12, 0), (708, 0)])"
"Colonna, Colene",4359340,"(40.0, -2, [(4297, 0)])","(0, 0, [])","(39.0, 0, [(1510, 0)])","(40.0, -4, [(3780, 2)])","(0, 1, [(1501, 0)])","(30.0, 0, [(964, 1)])","(30.0, 1, [(1, 2)])","(35.0, -1, [(1540, 1), (1457, 0)])","(35.0, 0, [(1721, 0)])","(30.0, -3, [(1657, 1)])","(35.0, -4, [(1959, 0)])","(40.0, -3, [(2073, 0)])","(0, 0, [])","(0, -3, [(1978, 0)])","(0, 0, [(2756, 0)])","(25.0, -5, [(1983, 0)])","(0, -1, [(2396, 0)])","(30.0, 0, [(2335, 0)])","(40.0, -3, [(1811, 0), (391, 0)])","(40.0, -1, [(1743, 0), (917, 0)])","(40.0, -2, [(2456, 3), (525, 0)])","(40.0, -3, [(2037, 0), (1475, 1)])","(40.0, -1, [(3327, 0)])","(35.0, -2, [(1777, 0)])","(30.0, 0, [(1041, 1)])","(40.0, -5, [(339, 0), (1161, 1)])","(35.0, 2, [(821, 1), (1303, 0), (316, 0)])","(40.0, -2, [(951, 0)])","(40.0, -6, [(2837, 1)])","(40.0, -38, [(1175, 1), (738, 0), (323, 0)])","(40.0, -1, [(780, 1)])","(40.0, -1, [(1431, 1)])","(40.0, 0, [(833, 1)])","(20.0, 167, [(721, 1)])","(30.0, 1, [(1828, 1)])","(40.0, -1, [(579, 1)])","(0, 0, [])","(35.0, 163, [(2311, 0), (708, 0)])"
"Coppage, Carma",4359330,"(0, 0, [])","(0, 0, [])","(0, 0, [])","(0, 0, [])","(0, -3, [(1317, 0)])","(0, 0, [])","(0, 0, [])","(0, 0, [])","(25.0, -3, [(774, 0)])","(20.0, -6, [(977, 0)])","(25.0, 0, [(392, 0)])","(30.0, -2, [(538, 0)])","(10.0, -13, [(266, 0)])","(0, -1, [(441, 0)])","(0, -6, [(1143, 0)])","(19.0, -1, [(1061, 0)])","(0, 60, [(886, 0)])","(0, 0, [])","(30.0, -5, [(471, 0)])","(30.0, -4, [(458, 0), (293, 0)])","(30.0, -3, [(1119, 0)])","(30.0, -2, [(1134, 0)])","(0, 0, [])","(30.0, -3, [(948, 0)])","(40.0, -2, [(335, 0)])","(40.0, -3, [(479, 0)])","(30.0, -6, [(219, 1)])","(30.0, -8, [(247, 1)])","(0, 0, [])","(40.0, -21, [(595, 1)])","(30.0, -5, [(382, 1)])","(35.0, 0, [(385, 1)])","(0, 0, [])","(0, 0, [])","(40.0, -1, [(1104, 1)])","(0, 0, [])","(0, 0, [])","(35.0, -11, [(766, 0)])"
"Cusic, Chasity",4359360,"(40.0, -76, [(4873, 0), (325, 0)])","(50.0, -4, [(8073, 0), (562, 0)])","(40.0, -4, [(2864, 0)])","(40.0, -57, [(4118, 1), (437, 0)])","(0, -4, [(4331, 0), (399, 0)])","(40.0, -2, [(723, 2), (945, 0)])","(40.0, -1, [(1, 2)])","(50.0, -3, [(4595, 0), (671, 0), (3832, 0), (388, 0)])","(50.0, -2, [(8068, 0), (339, 0)])","(50.0, -6, [(2370, 1), (5346, 0), (417, 0), (464, 0)])","(50.0, -6, [(4649, 0), (1867, 0), (37, 0), (339, 0)])","(40.0, 0, [(5388, 0), (833, 0), (375, 0)])","(40.0, 0, [])","(0, -24, [(3941, 0), (3743, 1), (216, 0)])","(0, -9, [(4575, 0), (408, 0)])","(40.0, -7, [(4087, 0), (379, 0), (204, 0)])","(0, -34, [(4691, 0), (450, 0)])","(45.0, -103, [(3950, 0), (394, 0)])","(40.0, -12, [(2875, 0), (954, 0)])","(40.0, -13, [(5383, 0), (1071, 0)])","(40.0, -26, [(2446, 0), (477, 0)])","(40.0, -31, [(2901, 0), (481, 0), (1748, 1)])","(50.0, -2, [(6327, 0), (639, 0)])","(40.0, -33, [(3544, 0), (1001, 0), (487, 0)])","(45.0, -3, [(2063, 1)])","(50.0, -1, [(2995, 1)])","(40.0, -1, [(1566, 2)])","(40.0, -33, [(1882, 1)])","(40.0, -102, [(3994, 1), (287, 0)])","(40.0, 1, [(1935, 1), (189, 0)])","(50.0, -10, [(1447, 1), (355, 0)])","(50.0, -4, [(2737, 1)])","(40.0, -30, [(746, 1)])","(30.0, -4, [(1204, 1)])","(45.0, -2, [(3712, 1)])","(40.0, 0, [(881, 1)])","(0, 0, [])","(40.0, -13, [(3220, 0), (434, 0)])"
"Dabney, Demetra",4364601,"(0, 0, [])","(0, 0, [])","(0, 0, [])","(0, 0, [])","(0, -23, [(5461, 0)])","(35.0, -18, [(4364, 2)])","(40.0, -18, [(1, 2)])","(42.0, -50, [(4317, 0), (4121, 0)])","(50.0, -12, [(4969, 0), (701, 0)])","(50.0, -9, [(6291, 0), (271, 0)])","(30.0, 50, [(7054, 0)])","(40.0, -71, [(4179, 0)])","(40.0, 0, [])","(0, -27, [(2910, 0)])","(0, -32, [(3734, 0)])","(40.0, -73, [(4292, 0)])","(0, -168, [(3048, 0)])","(35.0, -3, [(3758, 0)])","(50.0, -26, [(3472, 0), (429, 0), (550, 0)])","(40.0, -2, [(5802, 0), (583, 0)])","(30.0, -24, [(1404, 0)])","(50.0, -28, [(2523, 0), (2485, 0)])","(40.0, -27, [(6889, 0)])","(50.0, -20, [(5068, 0), (2255, 0), (1045, 0), (63, 0)])","(45.0, -117, [(1589, 0)])","(40.0, -9, [(2121, 1)])","(50.0, -31, [(1308, 1)])","(40.0, -118, [(1924, 1)])","(50.0, -3, [(5937, 1)])","(40.0, -15, [(1837, 1)])","(0, 0, [])","(45.0, -18, [(3028, 1)])","(50.0, -52, [(1834, 1)])","(40.0, -98, [(1562, 1)])","(40.0, -33, [(3534, 1)])","(50.0, -57, [(2492, 1)])","(0, 0, [])","(37.0, 0, [(2248, 0)])"
"Dargan, Daniella",4359346,"(40.0, -95, [(2521, 0), (204, 0), (235, 0), (63, 0)])","(40.0, -15, [(8691, 0), (262, 0), (325, 0), (217, 0)])","(38.0, -41, [(2470, 0)])","(35.0, -6, [(2896, 2), (239, 0), (210, 0)])","(0, -28, [(638, 0), (309, 0), (92, 0)])","(40.0, -3, [(47, 0), (180, 1), (181, 0), (138, 0), (282, 0)])","(40.0, -1, [(1, 2)])","(50.0, -1, [(4151, 0), (21, 0), (269, 0), (131, 0), (297, 0), (3028, 0), (463, 0)])","(45.0, -49, [(7897, 0), (152, 0), (153, 0), (132, 0), (131, 0)])","(50.0, -51, [(4782, 0), (1105, 1), (157, 0), (42, 0), (152, 0)])","(50.0, -2, [(2766, 0), (204, 0), (209, 1), (109, 0)])","(50.0, -6, [(5086, 0), (145, 0), (77, 0), (265, 0)])","(30.0, -10, [(448, 0), (112, 0)])","(0, 0, [(1664, 0), (2662, 0), (982, 0), (113, 0), (114, 0)])","(0, 0, [])","(35.0, 0, [(1836, 0), (541, 0), (501, 0)])","(0, -35, [(1733, 0), (318, 0), (224, 0)])","(39.0, -49, [(1485, 0), (100, 0), (167, 0)])","(40.0, -18, [(3267, 0), (244, 0), (141, 0)])","(40.0, -1, [(2764, 0), (55, 0), (152, 0)])","(30.0, -1, [(1058, 0)])","(40.0, -19, [(1347, 0), (456, 1), (227, 0)])","(50.0, 0, [(6934, 0), (280, 0), (634, 0)])","(40.0, 0, [(567, 0), (2913, 0), (125, 0), (116, 0)])","(43.0, -36, [(1035, 1), (270, 0), (241, 0)])","(40.0, -6, [(921, 2), (90, 0), (184, 0)])","(0, 0, [])","(40.0, -7, [(918, 1), (139, 0), (231, 0), (20, 0), (170, 0)])","(40.0, -10, [(1660, 1), (190, 0), (322, 0)])","(40.0, -52, [(1147, 1), (179, 0), (78, 0)])","(40.0, -18, [(379, 1), (276, 0)])","(40.0, -3, [(754, 1), (268, 0), (222, 0)])","(40.0, -29, [(1062, 1), (92, 0), (82, 0)])","(30.0, -9, [(142, 0), (633, 1), (71, 0), (113, 0)])","(40.0, -32, [(1429, 1), (107, 0), (124, 0), (93, 0)])","(50.0, -98, [(352, 1), (128, 0), (102, 0), (175, 0)])","(0, 0, [])","(40.0, 0, [(869, 0), (267, 0), (95, 0)])"
"Earheart, Elma",3449992,"(40.0, 0, [(2927, 0)])","(50.0, -1, [(8007, 0), (545, 0)])","(50.0, -3, [(4549, 0), (212, 0), (414, 0)])","(40.0, 0, [(3190, 1), (173, 0)])","(0, 0, [(3164, 0), (463, 0), (305, 0), (179, 0), (452, 0)])","(50.0, 0, [(1743, 2), (252, 0), (340, 0), (309, 0), (222, 0), (367, 0)])","(40.0, 0, [(346, 1), (283, 0), (152, 0), (298, 0), (10, 0)])","(50.0, 0, [(5476, 0), (559, 0), (2847, 0), (97, 0)])","(37.0, -1, [(4614, 0)])","(50.0, 0, [(1985, 0), (1294, 1), (340, 0), (2179, 0)])","(50.0, 0, [(2699, 0), (3848, 1), (621, 1), (270, 0)])","(50.0, -1, [(2494, 0), (1358, 1), (226, 0)])","(40.0, 0, [(1108, 0), (208, 0)])","(0, 0, [(1467, 0), (2869, 0), (404, 0)])","(0, 0, [(3933, 0)])","(30.0, 0, [(2121, 0), (267, 0)])","(0, -7, [(3670, 0), (213, 0)])","(35.0, -1, [(3903, 1), (332, 0)])","(40.0, -1, [(1107, 0), (680, 0)])","(40.0, 0, [(3110, 0), (387, 0)])","(50.0, -1, [(4872, 0), (328, 0)])","(50.0, -2, [(2835, 0), (2470, 0), (1345, 0), (355, 0)])","(50.0, 0, [(4794, 0), (173, 0)])","(40.0, 0, [(4524, 0), (615, 0), (171, 0), (84, 0)])","(40.0, 0, [(859, 1), (192, 0)])","(50.0, 0, [(2183, 1), (294, 0)])","(40.0, -3, [(1108, 1), (264, 1)])","(40.0, -1, [(1928, 1), (311, 0)])","(40.0, 0, [(2663, 3)])","(40.0, 11, [(2239, 1)])","(20.0, 22, [(1707, 1)])","(45.0, -1, [(2068, 1), (454, 0)])","(40.0, -1, [(1597, 1), (386, 0)])","(40.0, -1, [(1965, 1), (364, 0)])","(50.0, -1, [(2954, 1), (682, 0), (355, 0)])","(50.0, -13, [(1455, 1), (626, 0)])","(0, 0, [])","(40.0, 0, [(3296, 0), (373, 0)])"
"Ebright, Ericka",4359363,"(40.0, -9, [(3788, 0)])","(40.0, -5, [(2539, 0), (897, 0)])","(40.0, -2, [(3164, 0), (281, 0)])","(40.0, -13, [(3008, 1)])","(0, -9, [(1996, 0), (172, 0)])","(40.0, -2, [(590, 1), (448, 0)])","(40.0, -1, [(0, 1)])","(35.0, 7, [(2525, 0), (767, 0), (2065, 0)])","(40.0, 0, [(2013, 0), (691, 0)])","(50.0, 0, [(2074, 1), (438, 0), (1968, 0)])","(40.0, 0, [(1705, 0), (397, 0), (545, 1)])","(40.0, 0, [(2354, 0)])","(40.0, -13, [(887, 0), (496, 0)])","(0, 8, [(1960, 0), (2140, 0)])","(0, 0, [(2194, 0)])","(30.0, 0, [(2197, 0), (134, 0), (575, 0)])","(0, 0, [(1342, 0), (319, 0)])","(40.0, 0, [(1953, 0)])","(40.0, -1, [(2291, 0), (833, 0)])","(40.0, -1, [(1780, 0), (885, 0), (491, 0)])","(40.0, -3, [(1546, 0), (495, 0)])","(40.0, -30, [(2371, 0), (1613, 0), (228, 0), (679, 0)])","(50.0, 0, [(2479, 0), (601, 0), (582, 0)])","(40.0, 0, [(1517, 0), (655, 0), (511, 0)])","(40.0, -29, [(1280, 1)])","(40.0, -2, [(813, 1)])","(40.0, -2, [(794, 1)])","(40.0, 0, [(1068, 1)])","(40.0, 0, [(1756, 1)])","(40.0, -34, [(1816, 1), (625, 0), (684, 0), (209, 0)])","(20.0, 10, [(2091, 0)])","(45.0, -4, [(2244, 1)])","(40.0, -23, [(638, 1)])","(30.0, -35, [(994, 2)])","(50.0, -3, [(1440, 2)])","(40.0, -15, [(1003, 1)])","(0, 0, [])","(40.0, -11, [(2315, 0), (644, 0)])"
"Field, Fredric",4359336,"(0, 0, [])","(0, 0, [])","(0, 0, [])","(0, 0, [])","(0, -11, [(1070, 0), (190, 0)])","(30.0, -54, [(221, 2), (543, 0)])","(40.0, -54, [(0, 1)])","(40.0, -5, [(2004, 0), (2206, 0), (638, 0)])","(40.0, -2, [(3214, 0), (478, 0)])","(50.0, -5, [(2885, 0), (1050, 0)])","(45.0, -11, [(1980, 0), (315, 0), (166, 0), (426, 0)])","(40.0, -79, [(2271, 0)])","(30.0, 0, [(344, 0), (152, 0)])","(0, -7, [(2592, 0)])","(0, -6, [(1451, 0)])","(28.0, -2, [(1598, 0), (127, 0)])","(0, -33, [(2484, 0), (346, 0), (1111, 0)])","(40.0, -78, [(2688, 0)])","(40.0, -8, [(868, 0), (346, 0)])","(30.0, -7, [(1109, 0), (156, 0)])","(40.0, -8, [(1124, 0), (155, 0)])","(30.0, -12, [(608, 0), (548, 0), (87, 0)])","(40.0, -30, [(2139, 0), (321, 0)])","(40.0, -5, [(1670, 0), (868, 0), (408, 0)])","(40.0, -123, [(685, 0)])","(40.0, -54, [(889, 1)])","(40.0, -9, [(653, 1), (588, 1)])","(40.0, -27, [(850, 0), (182, 0)])","(40.0, -27, [(2080, 1), (289, 0), (180, 0)])","(40.0, -23, [(413, 1), (110, 0)])","(40.0, -13, [(618, 1), (252, 0)])","(45.0, -54, [(1523, 2)])","(40.0, -36, [(636, 1)])","(30.0, -10, [(813, 0)])","(40.0, -7, [(1545, 1)])","(40.0, -6, [(1167, 1)])","(0, 0, [])","(40.0, -9, [(1182, 0), (478, 0)])"
"Fimbres, Freddie",4359374,"(0, 0, [])","(0, 0, [])","(0, 0, [])","(0, 0, [])","(0, -5, [(1703, 0)])","(0, 0, [])","(40.0, -12, [(49, 2)])","(20.0, -9, [(825, 0)])","(0, 0, [])","(20.0, -13, [(666, 1)])","(35.0, -7, [(882, 0)])","(40.0, -6, [(1435, 0)])","(0, 0, [])","(0, -5, [(257, 0)])","(0, 0, [])","(15.0, -4, [(322, 0)])","(0, -9, [(1086, 0)])","(30.0, -5, [(1153, 0)])","(30.0, -5, [(1222, 0)])","(0, 0, [])","(30.0, -34, [(818, 0), (546, 0)])","(40.0, -7, [(1145, 0), (600, 0), (596, 1)])","(40.0, -7, [(1439, 0), (303, 0)])","(40.0, -12, [(1323, 0), (525, 0)])","(40.0, -3, [(479, 0)])","(30.0, -6, [(225, 1)])","(30.0, -5, [(225, 1)])","(30.0, -7, [(301, 1)])","(40.0, -5, [(960, 1)])","(40.0, 0, [(992, 1), (57, 0)])","(30.0, -6, [(489, 1)])","(35.0, -12, [(701, 1)])","(40.0, -5, [(506, 1)])","(30.0, -12, [(361, 1), (133, 0)])","(40.0, -4, [(760, 1)])","(40.0, -13, [(636, 1)])","(0, 0, [])","(40.0, -8, [(572, 0), (293, 0)])"
"Hersom, Hal",4359322,"(40.0, -5, [(3998, 0)])","(45.0, -5, [(4826, 0), (1000, 0)])","(40.0, -8, [(4002, 0), (49, 0)])","(50.0, -26, [(8993, 1), (761, 0)])","(0, -8, [(2694, 0), (689, 0)])","(50.0, -5, [(1914, 2), (724, 0), (762, 0)])","(40.0, -28, [(33, 1), (198, 0)])","(50.0, -24, [(5461, 0), (357, 0), (390, 0), (4359, 0)])","(50.0, -1, [(7820, 0), (707, 0)])","(50.0, -10, [(5247, 1), (419, 0), (377, 0)])","(50.0, -2, [(3372, 0), (1157, 0), (314, 0)])","(50.0, -10, [(3013, 0), (3428, 0), (521, 0)])","(50.0, -13, [(1574, 0), (880, 0), (658, 0)])","(0, -2, [(4773, 0), (2009, 0), (705, 0)])","(0, -29, [(4907, 0), (489, 0), (725, 0)])","(45.0, -2, [(5349, 0), (797, 0), (677, 0)])","(0, -77, [(3972, 0), (564, 0)])","(50.0, -6, [(7250, 0), (483, 0)])","(40.0, -1, [(2244, 0), (847, 0), (972, 0)])","(50.0, -1, [(4771, 0), (456, 0), (427, 0)])","(40.0, -2, [(2855, 0), (621, 0)])","(50.0, -29, [(2481, 0), (640, 0), (1268, 1), (931, 0)])","(50.0, 0, [(4711, 0), (769, 0), (241, 0), (661, 0)])","(50.0, -2, [(3854, 0), (1867, 0), (778, 0)])","(42.0, -3, [(1156, 1), (302, 0)])","(50.0, -31, [(2111, 1), (998, 0)])","(40.0, -9, [(2245, 1), (639, 0)])","(40.0, -30, [(2355, 3), (763, 0)])","(50.0, -9, [(674, 0), (4773, 1)])","(40.0, -18, [(1224, 1), (605, 0), (525, 0)])","(40.0, -28, [(1430, 1), (434, 0)])","(45.0, -30, [(3251, 1)])","(50.0, -9, [(1993, 1), (729, 0), (77, 0)])","(35.0, -30, [(1364, 1), (142, 0), (206, 0), (772, 0)])","(40.0, -7, [(3112, 2), (872, 0)])","(30.0, -6, [(784, 1), (342, 0)])","(0, 0, [])","(50.0, -8, [(4298, 0), (564, 0)])"
"Indelicato, Imogene",4359323,"(40.0, -3, [(2396, 0)])","(40.0, -10, [(2561, 0)])","(38.0, -4, [(2176, 0)])","(38.0, -32, [(1906, 1)])","(0, -8, [(1062, 0), (276, 0)])","(40.0, -9, [(1730, 1), (843, 0)])","(40.0, -9, [(0, 1)])","(40.0, 0, [(1896, 0), (2006, 0), (416, 0), (297, 0)])","(40.0, -1, [(1611, 0), (595, 0)])","(50.0, -53, [(1443, 1), (26, 0), (249, 0), (1641, 0), (206, 0)])","(37.0, 2, [(1958, 0), (783, 0), (359, 0)])","(40.0, -2, [(1762, 0), (302, 0)])","(40.0, -2, [(853, 0), (577, 0)])","(0, 0, [(1788, 0), (998, 0), (179, 0), (198, 0)])","(0, -1, [(1296, 0), (300, 0), (344, 0)])","(26.0, 0, [(1116, 0)])","(0, -12, [(1029, 0), (304, 0), (190, 0), (343, 0)])","(30.0, -34, [(1380, 0)])","(40.0, -26, [(1430, 0), (367, 0), (838, 0)])","(40.0, -2, [(2017, 0), (620, 0), (798, 0)])","(40.0, -4, [(1692, 0), (668, 0), (103, 0)])","(40.0, -7, [(1090, 0), (449, 0), (1276, 0)])","(50.0, -2, [(2952, 0), (754, 0), (819, 0)])","(40.0, 0, [(844, 0), (656, 0), (318, 0)])","(40.0, 0, [(1095, 1)])","(30.0, 21, [(871, 1), (117, 0)])","(40.0, 0, [(495, 1)])","(40.0, 0, [(902, 1)])","(40.0, -6, [(2378, 1)])","(50.0, -22, [(885, 1), (226, 0), (305, 0), (360, 0), (301, 0)])","(40.0, -1, [(1585, 1), (382, 0)])","(45.0, -11, [(1606, 1), (623, 0)])","(40.0, -10, [(538, 1), (123, 0), (188, 0)])","(30.0, -1, [(674, 1)])","(40.0, -5, [(2158, 1), (469, 0)])","(40.0, -3, [(752, 1)])","(0, 0, [])","(40.0, -2, [(1231, 0), (557, 0)])"
"Ishmael, Idella",4117218,"(0, 0, [])","(0, 0, [])","(0, 0, [])","(0, 0, [])","(0, 0, [])","(0, 0, [])","(0, 0, [])","(0, 0, [])","(0, 0, [])","(0, 0, [])","(0, 0, [])","(0, 0, [])","(40.0, -12, [(1282, 0), (98, 0)])","(0, 0, [])","(0, 0, [])","(0, 0, [])","(0, 0, [])","(0, 0, [])","(0, 0, [])","(0, 0, [])","(0, 0, [])","(0, 0, [])","(0, 0, [])","(0, 0, [])","(0, 0, [])","(0, 0, [])","(0, 0, [])","(0, 0, [])","(0, 0, [])","(0, 0, [])","(0, 0, [])","(0, 0, [])","(0, 0, [])","(0, 0, [])","(0, 0, [])","(0, 0, [])","(0, 0, [])","(0, 0, [])"
"Isley, Ivy",4387697,"(30.0, 161, [(4202, 0)])","(40.0, -2, [(3095, 0), (510, 0), (273, 0)])","(40.0, 0, [(2897, 0)])","(40.0, 0, [(3652, 1)])","(0, 0, [(2224, 0), (269, 0)])","(40.0, -3, [(796, 2), (526, 0), (70, 0), (413, 0)])","(40.0, -5, [(0, 1), (0, 1)])","(40.0, -33, [(1718, 0), (161, 0), (596, 0), (531, 0)])","(40.0, -47, [(1988, 0), (289, 0)])","(20.0, 139, [(1782, 0), (1418, 0), (366, 0)])","(35.0, 23, [(1657, 0), (334, 0), (76, 0), (877, 0)])","(40.0, -26, [(2543, 0)])","(40.0, 270, [(1343, 0), (849, 0)])","(0, 10, [(1899, 0), (1419, 0), (1079, 0)])","(0, -13, [(1928, 0), (615, 0)])","(27.0, -30, [(1768, 0), (409, 0)])","(0, -7, [(1222, 0), (358, 0)])","(40.0, -35, [(2161, 0), (542, 0)])","(0, 0, [])","(0, 0, [])","(40.0, -1, [(2451, 0), (944, 0)])","(40.0, -10, [(2425, 0), (2041, 0)])","(50.0, -26, [(3484, 0), (768, 0)])","(30.0, 0, [(1085, 0), (1798, 0), (821, 0)])","(40.0, -72, [(726, 0)])","(35.0, 8, [(1830, 1), (331, 0), (138, 0), (216, 0)])","(40.0, -1, [(1195, 1), (407, 0)])","(40.0, -5, [(784, 1), (154, 0)])","(40.0, -34, [(883, 1), (172, 0)])","(40.0, 273, [(486, 1), (56, 0)])","(40.0, -8, [(798, 1), (100, 0), (77, 0)])","(43.0, -47, [(1737, 1), (37, 0), (163, 0), (206, 0)])","(40.0, -26, [(642, 1)])","(40.0, -80, [(585, 1), (154, 0)])","(40.0, -3, [(1430, 1)])","(30.0, 92, [(1003, 1)])","(0, 0, [])","(40.0, -2, [(915, 0), (842, 0), (346, 0)])"
"Jamal, Jackelyn",4359372,"(0, 0, [])","(0, 0, [])","(0, 0, [])","(0, 0, [])","(0, -26, [(1556, 0), (456, 0)])","(35.0, -27, [(1467, 1)])","(40.0, -9, [(54, 0), (253, 1), (100, 0)])","(40.0, -9, [(3091, 0), (1386, 0), (2949, 0)])","(35.0, 0, [(1866, 0)])","(30.0, -23, [(2391, 1), (795, 0)])","(40.0, 0, [(1222, 0), (888, 0)])","(40.0, -20, [(2908, 0)])","(40.0, 0, [])","(0, -7, [(2721, 0)])","(0, -24, [(4506, 0), (300, 0)])","(25.0, 0, [(1819, 0)])","(0, 0, [])","(40.0, -28, [(2966, 0), (110, 0), (520, 0)])","(30.0, -7, [(1502, 0)])","(20.0, -30, [(1312, 0)])","(40.0, -55, [(987, 0), (1078, 0)])","(50.0, -102, [(1338, 0), (862, 0), (490, 0), (726, 0), (245, 0)])","(40.0, -25, [(1646, 0), (977, 0)])","(40.0, -9, [(1283, 0), (614, 0), (368, 0), (231, 0)])","(40.0, -68, [(691, 0)])","(40.0, -55, [(1188, 1)])","(40.0, -24, [(747, 1)])","(40.0, 0, [(679, 1)])","(40.0, -24, [(2726, 1)])","(40.0, -42, [(1016, 1)])","(40.0, -102, [(590, 1)])","(43.0, -72, [(1936, 2), (145, 0)])","(40.0, -26, [(933, 2), (490, 0)])","(30.0, 0, [(721, 1)])","(37.0, -1, [(630, 1)])","(40.0, -32, [(1290, 1)])","(0, 0, [])","(40.0, -25, [(1974, 0), (1287, 0)])"
"Jamieson, Jolynn",4359335,"(40.0, -127, [(4216, 0)])","(40.0, -123, [(4694, 0)])","(40.0, -135, [(3249, 0)])","(40.0, -153, [(5601, 1)])","(0, -78, [(3241, 0), (215, 0), (335, 0)])","(40.0, -84, [(1218, 2), (50, 0), (291, 0), (294, 0)])","(40.0, -83, [(57, 2)])","(50.0, -36, [(2942, 0), (2931, 0), (432, 0), (318, 0)])","(35.0, -58, [(3636, 0)])","(50.0, -74, [(2771, 1), (3219, 0), (140, 0), (346, 0), (332, 0)])","(50.0, -35, [(4027, 0), (2686, 0), (503, 0), (375, 0)])","(40.0, -53, [(3983, 0)])","(50.0, -20, [(2049, 0), (100, 0), (766, 0)])","(0, -35, [(4995, 0), (2794, 0), (408, 0), (134, 0)])","(0, -60, [(3849, 0), (463, 0)])","(0, 0, [])","(0, 0, [])","(40.0, -85, [(4525, 0)])","(50.0, -81, [(3520, 0), (567, 0)])","(40.0, -13, [(4119, 0), (418, 0)])","(40.0, -60, [(1077, 0), (394, 0), (283, 0)])","(50.0, -106, [(3024, 0), (827, 0), (491, 0)])","(50.0, -59, [(4504, 0), (12, 0), (128, 0), (579, 0)])","(40.0, -56, [(3960, 0), (1639, 0), (295, 0), (282, 0)])","(40.0, -98, [(1602, 0)])","(45.0, -82, [(1678, 1), (234, 0)])","(50.0, -75, [(1143, 1), (701, 0)])","(50.0, -109, [(2770, 1)])","(40.0, -83, [(3203, 1)])","(40.0, -69, [(1181, 1), (90, 0), (213, 0), (229, 0), (68, 0)])","(50.0, -86, [(1398, 1)])","(45.0, -86, [(3596, 1), (293, 0), (393, 0)])","(45.0, -103, [(629, 1), (286, 0), (147, 0), (206, 0)])","(40.0, -80, [(1164, 1), (290, 0)])","(50.0, -28, [(3378, 1)])","(40.0, -120, [(1788, 1)])","(0, 0, [])","(50.0, -12, [(4537, 0), (368, 0), (646, 0)])"
"Jawad, Janee",4359349,"(0, 0, [])","(0, 0, [])","(0, 0, [])","(0, 0, [])","(0, -3, [(1380, 0)])","(40.0, -2, [(969, 1), (369, 0)])","(40.0, -4, [(64, 1)])","(40.0, -1, [(2146, 1), (1231, 0), (404, 0), (176, 0)])","(40.0, -1, [(1803, 0), (491, 0)])","(40.0, 0, [(1660, 1), (1268, 0)])","(40.0, -3, [(1593, 0), (611, 0)])","(40.0, -2, [(2247, 0), (537, 0)])","(40.0, -11, [(860, 0), (330, 0)])","(0, -1, [(1810, 0), (1153, 1)])","(0, -1, [(2135, 0), (720, 0)])","(30.0, 0, [(1468, 0), (543, 0)])","(0, -2, [(1761, 0), (512, 0)])","(30.0, -4, [(1942, 0)])","(40.0, -2, [(2072, 0), (661, 0), (486, 0)])","(40.0, -3, [(1538, 0), (427, 0), (596, 0), (726, 0)])","(40.0, -1, [(1201, 4), (271, 0)])","(40.0, -3, [(1361, 0), (1455, 1), (555, 0)])","(40.0, 0, [(2335, 0), (473, 0)])","(40.0, -2, [(1410, 0), (482, 0)])","(40.0, -2, [(904, 1), (184, 0)])","(40.0, -1, [(1065, 2)])","(40.0, -2, [(597, 2)])","(40.0, -23, [(892, 1)])","(40.0, -3, [(1626, 1)])","(40.0, -12, [(836, 1), (215, 0), (386, 0)])","(40.0, -2, [(791, 1), (256, 0)])","(40.0, -2, [(1078, 1), (243, 0)])","(40.0, -2, [(487, 1), (122, 0)])","(35.0, -6, [(1767, 1), (31, 0)])","(40.0, -1, [(1158, 1), (219, 0)])","(40.0, -7, [(1336, 2), (323, 0)])","(0, 0, [])","(0, 0, [])"
"Jefferis, Julissa",4359331,"(0, 0, [])","(0, 0, [])","(0, 0, [])","(0, 0, [])","(0, -27, [(1565, 0)])","(40.0, -3, [(980, 2), (418, 0)])","(40.0, -25, [(1, 2)])","(0, 0, [])","(40.0, 0, [(1064, 0), (425, 0)])","(40.0, -1, [(1079, 0), (616, 0)])","(30.0, -2, [(1087, 0)])","(40.0, 0, [(672, 0), (440, 0)])","(40.0, 0, [])","(0, 41, [(1741, 0), (370, 0)])","(0, 0, [(1159, 0), (535, 0)])","(20.0, 0, [(987, 0)])","(0, -8, [(1430, 0)])","(30.0, 0, [(1526, 0)])","(40.0, -4, [(707, 0), (262, 0)])","(40.0, -2, [(1304, 0), (150, 0)])","(40.0, -5, [(1033, 0), (100, 0)])","(30.0, -8, [(1274, 0), (987, 1)])","(40.0, -1, [(1670, 0), (388, 0)])","(40.0, -2, [(1000, 0), (624, 0), (336, 0)])","(40.0, -27, [(579, 0)])","(40.0, -48, [(1112, 1), (411, 0)])","(40.0, -22, [(680, 1)])","(30.0, 8, [(521, 1)])","(40.0, -2, [(1441, 1)])","(40.0, 9, [(671, 1), (300, 0)])","(50.0, -6, [(965, 1)])","(40.0, -26, [(999, 1)])","(40.0, -30, [(639, 1)])","(0, 0, [])","(35.0, 0, [(588, 1)])","(40.0, 0, [(963, 2)])","(0, 0, [])","(35.0, -2, [(784, 0)])"
"Jordon, Jonathon",4359338,"(38.0, 0, [(1244, 0)])","(40.0, -7, [(3765, 0), (225, 0)])","(40.0, -5, [(2557, 0), (316, 0)])","(40.0, -3, [(1881, 1)])","(0, -1, [(2469, 0), (517, 0)])","(40.0, -4, [(615, 1), (273, 0)])","(40.0, -4, [(50, 1), (203, 0), (81, 0), (79, 0)])","(40.0, -1, [(1979, 0), (292, 0), (1417, 0), (217, 0)])","(40.0, -10, [(2081, 0), (314, 0), (390, 0)])","(50.0, -11, [(1348, 0), (414, 0), (1615, 0)])","(40.0, -4, [(1739, 0), (367, 0), (140, 0), (826, 0)])","(35.0, 0, [(986, 0)])","(30.0, -13, [(384, 0), (310, 0)])","(0, -1, [(186, 0), (932, 0), (198, 0), (1198, 0)])","(0, 0, [(1007, 0)])","(25.0, -5, [(1216, 0)])","(0, -101, [(998, 0)])","(34.0, -2, [(1520, 0)])","(40.0, -2, [(2184, 0), (424, 0), (254, 0)])","(40.0, -2, [(1256, 0), (274, 0)])","(40.0, -1, [(2921, 0), (481, 0)])","(40.0, -11, [(2158, 0), (472, 1), (334, 0)])","(40.0, -1, [(2255, 0), (226, 0)])","(40.0, 0, [(2517, 0), (590, 0), (818, 0)])","(40.0, -1, [(672, 0)])","(40.0, -48, [(651, 1)])","(40.0, 0, [(553, 1)])","(40.0, 0, [(803, 1)])","(40.0, -3, [(1077, 1)])","(40.0, -13, [(966, 1), (163, 0), (113, 0)])","(40.0, -7, [(900, 1), (57, 0), (49, 0), (167, 0), (24, 0)])","(37.0, -22, [(1039, 1), (21, 0), (117, 0), (102, 0)])","(40.0, -1, [(388, 1), (231, 0)])","(31.0, -3, [(613, 2), (294, 0), (35, 0)])","(40.0, 0, [(1009, 2), (358, 0), (79, 0)])","(40.0, 0, [(338, 1), (107, 0)])","(0, 0, [])","(0, 0, [])"
"Jorstad, Jeanice",4359334,"(0, 0, [])","(0, 0, [])","(0, 0, [])","(0, 0, [])","(0, -3, [(2195, 0)])","(35.0, -1, [(1497, 2)])","(40.0, 0, [(0, 1)])","(0, 0, [])","(0, 0, [])","(30.0, -2, [(945, 1)])","(0, 0, [])","(0, 0, [])","(40.0, 0, [(571, 0), (448, 0)])","(0, 0, [])","(0.0, 0, [])","(0, 0, [])","(0, 0, [])","(0, 0, [])","(30.0, -3, [(469, 0)])","(30.0, -4, [(594, 0), (369, 0)])","(30.0, -1, [(991, 0)])","(30.0, -5, [(896, 0)])","(0, 0, [])","(0, 0, [])","(0, 0, [])","(0, 0, [])","(0, 0, [])","(0, 0, [])","(0, 0, [])","(40.0, 7, [(1331, 1)])","(40.0, -4, [(861, 1)])","(40.0, -1, [(976, 1)])","(40.0, -2, [(1147, 1), (395, 0)])","(30.0, -1, [(464, 1)])","(0, 0, [])","(0, 0, [])","(0, 0, [])","(0, 0, [])"
"Jump, Jeanie",4359249,"(0, 0, [])","(0, 0, [])","(0, 0, [])","(0, 0, [])","(0, 0, [])","(0, 0, [])","(0, 0, [])","(0, 0, [])","(0, 0, [])","(0, 0, [])","(0, 0, [])","(0, 0, [])","(40.0, 0, [])","(0, 0, [])","(0, 0, [])","(0, 0, [])","(0, 0, [])","(0, 0, [])","(0, 0, [])","(0, 0, [])","(0, 0, [])","(0, 0, [])","(0, 0, [])","(0, 0, [])","(0, 0, [])","(0, 0, [])","(0, 0, [])","(0, 0, [])","(0, 0, [])","(0, -71, [])","(0, 0, [])","(0, 0, [])","(0, 0, [])","(0, 0, [])","(0, 0, [])","(0, 0, [])","(0, 0, [])","(0, 0, [])"
"Jung, Junko",4359348,"(40.0, -79, [(2992, 0)])","(40.0, -30, [(2171, 0), (860, 0)])","(40.0, -174, [(2312, 0)])","(40.0, -37, [(5120, 1)])","(0, -31, [(1763, 0), (784, 0)])","(40.0, -3, [(920, 2), (524, 0)])","(35.0, -5, [(163, 1), (144, 0)])","(25.0, -6, [(1055, 0)])","(30.0, -32, [(1344, 0)])","(30.0, -33, [(1258, 0)])","(40.0, -55, [(1772, 0), (180, 0)])","(40.0, -6, [(1922, 0)])","(40.0, -14, [(1168, 0), (411, 0)])","(0, -5, [(2335, 0), (1499, 1)])","(0, -36, [(1883, 0)])","(32.0, -7, [(2109, 0), (435, 0)])","(0, -34, [(1181, 0)])","(30.0, -84, [(1594, 0)])","(40.0, -59, [(2125, 0), (1468, 0), (110, 0), (276, 0)])","(40.0, -86, [(979, 0), (664, 0), (736, 0)])","(40.0, -60, [(1725, 0), (509, 0), (453, 0)])","(40.0, -106, [(1707, 0), (129, 0), (446, 0)])","(40.0, -7, [(2396, 0), (743, 0)])","(40.0, -33, [(1028, 0), (675, 0), (634, 0)])","(40.0, -5, [(1134, 0)])","(40.0, -6, [(885, 1)])","(40.0, -34, [(788, 1)])","(50.0, -37, [(1741, 1)])","(50.0, -84, [(163, 0), (2709, 1)])","(50.0, -92, [(1085, 1), (278, 0), (453, 0), (65, 0)])","(40.0, -105, [(837, 1)])","(40.0, -6, [(1343, 1)])","(40.0, -81, [(1280, 1), (30, 0), (369, 0)])","(30.0, -36, [(1081, 1)])","(45.0, -5, [(2177, 1)])","(40.0, -78, [(1309, 1)])","(0, 0, [])","(35.0, 33, [(1170, 0), (642, 0)])"
"Kammer, Kam",4361349,"(0, 0, [])","(0, 0, [])","(0, 0, [])","(0, 0, [])","(0, -7, [(2019, 0), (630, 0)])","(40.0, -51, [(961, 1), (344, 0)])","(40.0, -32, [(61, 1), (119, 0)])","(50.0, -28, [(2139, 0), (855, 0), (476, 0), (1860, 0), (938, 0)])","(40.0, -53, [(1897, 0), (908, 0)])","(50.0, -57, [(1783, 1), (1005, 0), (1117, 0), (665, 0)])","(50.0, -36, [(2192, 0), (865, 0), (140, 0), (719, 0), (513, 0)])","(50.0, -30, [(2267, 0), (1275, 0), (604, 0), (960, 0)])","(30.0, -22, [(456, 0), (346, 0)])","(0, -9, [(1964, 0), (945, 0), (321, 0)])","(0, -26, [(1988, 0), (757, 0)])","(30.0, -34, [(1827, 0), (731, 0), (600, 0)])","(0, -50, [(2797, 0), (149, 0), (569, 0)])","(40.0, -106, [(3191, 0), (492, 0)])","(40.0, -60, [(1367, 0), (1109, 0), (687, 0)])","(40.0, -6, [(1820, 0), (599, 0), (618, 0)])","(50.0, -58, [(2177, 0), (609, 0), (1003, 0)])","(50.0, -29, [(788, 0), (1828, 0), (1030, 0), (946, 0)])","(50.0, -54, [(3684, 0), (1937, 0)])","(40.0, -99, [(1075, 0), (1080, 0), (1012, 0)])","(40.0, -1, [(936, 0)])","(40.0, -28, [(1288, 1), (241, 0)])","(40.0, -50, [(800, 1)])","(40.0, -58, [(1308, 1)])","(40.0, -51, [(2247, 1), (464, 0)])","(40.0, -44, [(995, 1), (506, 0)])","(40.0, -28, [(900, 1), (803, 0)])","(40.0, -52, [(1653, 1)])","(40.0, -6, [(683, 1), (334, 0)])","(40.0, -6, [(1618, 1), (139, 0), (489, 0)])","(45.0, -33, [(2727, 1), (797, 0)])","(40.0, -32, [(1303, 1), (445, 0), (373, 0)])","(0, 0, [])","(40.0, -33, [(2090, 0), (577, 0)])"
"Karcher, Kirk",4359351,"(0, 0, [])","(0, 0, [])","(0, 0, [])","(0, 0, [])","(0, -11, [(4064, 0), (641, 0), (356, 0), (756, 0)])","(50.0, 0, [(1152, 2), (1361, 0), (387, 0), (633, 0), (607, 0), (453, 0), (688, 0), (367, 0)])","(40.0, 1, [(487, 2), (397, 0), (393, 0), (485, 0), (360, 0), (128, 0)])","(40.0, 0, [(2447, 0), (5853, 0), (1230, 0)])","(50.0, 0, [(4073, 0), (1455, 0)])","(50.0, 0, [(1817, 0), (3532, 1), (2731, 0)])","(50.0, 0, [(4476, 0), (107, 0), (5767, 3)])","(40.0, 0, [(2771, 0)])","(40.0, -22, [(1307, 0), (684, 0)])","(0, 0, [(2325, 0), (2251, 0)])","(0.0, 0, [])","(35.0, 192, [(1971, 0), (1075, 0)])","(0, 163, [(2123, 0)])","(45.0, 0, [(3558, 0), (1307, 0)])","(40.0, 0, [(1959, 0), (900, 0), (540, 0), (855, 0)])","(50.0, -1, [(4884, 0), (513, 0), (839, 0), (681, 0), (1017, 0)])","(40.0, -1, [(2382, 0)])","(40.0, -1, [(2938, 0), (2101, 3)])","(40.0, 0, [(3279, 0), (286, 0), (1440, 0), (692, 0), (77, 1), (141, 0)])","(40.0, 0, [(2998, 0), (2201, 0), (410, 0), (1132, 0), (720, 0)])","(50.0, -1, [(2431, 0)])","(40.0, 0, [(2393, 1)])","(0, 0, [])","(50.0, -2, [(2781, 1)])","(40.0, 0, [(2836, 1)])","(40.0, -10, [(731, 1), (1041, 0)])","(50.0, -1, [(1919, 1), (246, 0), (876, 0), (666, 0), (799, 0), (566, 0)])","(30.0, 0, [(1819, 1), (987, 0), (977, 0), (670, 0), (252, 0), (651, 0), (534, 0), (637, 0), (661, 0), (447, 0), (321, 0), (834, 0), (590, 0), (840, 0)])","(50.0, 0, [(1733, 1), (272, 0), (809, 0), (133, 0)])","(40.0, -8, [(3976, 1), (99, 0)])","(45.0, -8, [(3857, 1)])","(50.0, 0, [(2523, 3)])","(0, 0, [])","(40.0, 0, [(2462, 0), (1470, 0)])"
"Kimberlin, Kera",3802911,"(0, 0, [])","(0, 0, [])","(0, 0, [])","(0, 0, [])","(0, -6, [(2456, 0), (715, 0)])","(40.0, -2, [(745, 2), (362, 0)])","(40.0, -1, [(286, 5)])","(40.0, 0, [(2380, 1), (1441, 0), (565, 0), (416, 0)])","(35.0, 0, [(1351, 0)])","(40.0, -3, [(657, 1), (1555, 0)])","(40.0, 0, [(851, 0), (598, 0), (424, 0)])","(40.0, -21, [(1774, 0)])","(40.0, -11, [(663, 0), (390, 0)])","(0, 0, [(1142, 0)])","(0, -22, [(1661, 0)])","(17.0, -1, [(1033, 0)])","(0, 17, [(1482, 0), (407, 0)])","(30.0, -3, [(1639, 0)])","(40.0, -1, [(2455, 0), (815, 0)])","(40.0, -1, [(2379, 0), (429, 0)])","(40.0, -1, [(1835, 0), (521, 0)])","(40.0, -1, [(1864, 0), (544, 0)])","(40.0, 0, [(1651, 0), (323, 0)])","(40.0, 0, [(1606, 0), (560, 0), (380, 0)])","(40.0, -3, [(1255, 1), (480, 0)])","(50.0, -4, [(1654, 2)])","(40.0, -6, [(946, 1)])","(40.0, -27, [(1244, 1)])","(40.0, -2, [(2922, 1), (300, 0)])","(40.0, -12, [(1622, 1), (383, 0), (65, 0)])","(40.0, -1, [(1135, 1)])","(40.0, -2, [(2384, 1), (278, 0)])","(40.0, -5, [(1391, 1), (176, 0)])","(32.0, -3, [(1571, 1)])","(50.0, -6, [(3031, 2)])","(40.0, -29, [(903, 1), (152, 0)])","(0, 0, [])","(40.0, -32, [(1362, 0), (450, 0), (321, 0)])"
"Klinger, Kami",4359354,"(0, 0, [])","(0, 0, [])","(0, 0, [])","(0, 0, [])","(0, -22, [(1526, 0)])","(40.0, 0, [(840, 1), (446, 0)])","(40.0, 0, [(48, 0), (1, 2)])","(40.0, -1, [(2213, 1), (2375, 0), (782, 0)])","(45.0, -1, [(2447, 0), (1364, 0)])","(50.0, -1, [(1736, 0), (497, 0), (3519, 0)])","(37.0, -2, [(4519, 0)])","(40.0, -25, [(1703, 0)])","(0, 0, [])","(0, -1, [(2937, 0), (1609, 0)])","(0, -3, [(2874, 0), (1723, 0)])","(40.0, -1, [(3160, 0), (604, 0)])","(0, 0, [(2552, 0)])","(37.0, -9, [(2291, 0)])","(0, 0, [])","(50.0, -4, [(2798, 0), (553, 0), (784, 0)])","(30.0, -2, [(3639, 1)])","(30.0, -3, [(3648, 0)])","(50.0, 0, [(2917, 0), (799, 0), (609, 0)])","(40.0, -1, [(1296, 0), (1164, 0)])","(40.0, -73, [(834, 0)])","(50.0, -3, [(3172, 2), (639, 0)])","(40.0, -2, [(1406, 1)])","(40.0, -27, [(2400, 2)])","(40.0, -8, [(2931, 1)])","(40.0, -13, [(1410, 1), (433, 0)])","(50.0, -3, [(1397, 2)])","(40.0, -1, [(1743, 1)])","(40.0, -22, [(934, 1)])","(30.0, -49, [(774, 1)])","(43.0, -30, [(3388, 1)])","(40.0, -26, [(726, 1)])","(0, 0, [])","(50.0, 0, [(3787, 0), (633, 0), (893, 0)])"
"Korn, Kimbery",4359345,"(40.0, -69, [(2486, 0)])","(35.0, -48, [(2449, 0)])","(40.0, -250, [(5082, 0)])","(30.0, -155, [(1398, 1)])","(0, -79, [(2557, 0)])","(40.0, -48, [(2505, 2), (222, 0)])","(40.0, -47, [(75, 2)])","(40.0, -27, [(3123, 0), (589, 0), (1851, 0), (390, 0)])","(40.0, -24, [(3814, 0), (317, 0)])","(40.0, -22, [(872, 1), (171, 0), (911, 0)])","(45.0, -11, [(3144, 0), (479, 0), (1103, 0)])","(40.0, -11, [(2876, 0), (318, 0)])","(40.0, -37, [(1464, 0), (396, 0)])","(0, -12, [(3898, 0), (566, 0)])","(0, -52, [(3680, 0), (568, 0)])","(31.0, -26, [(2334, 0), (587, 1)])","(0, -101, [(2861, 0)])","(40.0, -59, [(3811, 0), (636, 0)])","(40.0, -50, [(1229, 0), (227, 0)])","(20.0, -60, [(2090, 0)])","(30.0, -31, [(806, 0), (90, 0)])","(30.0, -78, [(1607, 1)])","(40.0, -31, [(2655, 0), (201, 0)])","(40.0, -35, [(2667, 0), (548, 0)])","(43.0, -58, [(1273, 0)])","(40.0, -60, [(1527, 1)])","(40.0, -52, [(1051, 1)])","(40.0, -74, [(1206, 1)])","(40.0, -61, [(2133, 1), (156, 0)])","(40.0, -73, [(908, 1), (37, 0), (302, 0), (284, 0), (99, 0)])","(40.0, -78, [(979, 1)])","(45.0, -48, [(1541, 1)])","(40.0, -83, [(803, 1)])","(33.0, -74, [(785, 1)])","(40.0, -26, [(1188, 1)])","(40.0, -35, [(802, 1)])","(0, 0, [])","(50.0, -36, [(3272, 0), (445, 0)])"
"Krzeminski, Kisha",4117211,"(40.0, -50, [(4753, 0), (141, 0)])","(50.0, 0, [(7784, 0), (489, 0), (510, 0)])","(40.0, -10, [(3604, 0), (736, 0)])","(50.0, 0, [(7053, 1), (81, 0), (828, 0)])","(0, -31, [(3001, 0), (497, 0), (35, 0), (279, 0)])","(50.0, -1, [(2223, 2), (922, 0)])","(40.0, 0, [(100, 2)])","(50.0, -47, [(4209, 1), (2550, 0), (779, 0)])","(45.0, -1, [(3978, 0), (338, 0), (568, 0)])","(50.0, -46, [(2532, 1), (3705, 0), (440, 0)])","(40.0, -6, [(2271, 0), (1827, 1), (95, 0)])","(50.0, -11, [(2963, 1), (50, 0), (1809, 0), (265, 0), (95, 0), (382, 0)])","(40.0, -13, [(1254, 0), (328, 0), (180, 0)])","(0, -2, [(3118, 0), (454, 0), (1892, 1), (1207, 0), (175, 0)])","(0, 0, [(3770, 0), (2804, 0)])","(50.0, -12, [(4158, 1), (2042, 1)])","(0, 19, [(5576, 0), (1155, 0)])","(50.0, -1, [(5435, 0), (1958, 0)])","(50.0, -26, [(4809, 0), (1338, 0)])","(50.0, -6, [(7937, 0), (606, 0)])","(50.0, -5, [(4820, 0), (809, 0)])","(50.0, -4, [(3032, 0), (1520, 1), (726, 0)])","(50.0, -22, [(4292, 0), (517, 0)])","(50.0, -30, [(4007, 0), (1494, 0), (788, 0)])","(40.0, -146, [(1318, 1)])","(40.0, -3, [(123, 0), (3037, 1), (1278, 1)])","(40.0, -25, [(1003, 2), (1146, 0)])","(50.0, -78, [(2751, 3), (547, 0), (197, 0), (398, 0)])","(50.0, -44, [(4759, 1), (181, 0), (115, 0), (292, 0), (987, 0)])","(40.0, -39, [(2775, 1), (1065, 0)])","(40.0, -1, [(1383, 1), (607, 0)])","(50.0, -21, [(4159, 1), (212, 0)])","(40.0, -75, [(1720, 2), (85, 0)])","(45.0, -54, [(1755, 1), (187, 0), (52, 0)])","(50.0, -2, [(2029, 2)])","(40.0, -94, [(176, 0), (873, 1), (556, 1)])","(0.0, -2, [(886, 3)])","(40.0, 0, [(2732, 0), (789, 0)])"
"Labarre, Lesli",3814601,"(38.0, 0, [(2231, 0)])","(40.0, 0, [(5235, 0)])","(35.0, 1, [(2407, 0)])","(32.0, 0, [(2921, 2)])","(0, -4, [(2807, 0)])","(35.0, 0, [(705, 1)])","(40.0, -3, [(28, 0), (64, 1), (146, 0), (57, 0)])","(50.0, -6, [(3915, 1), (614, 0), (433, 0), (148, 0), (1471, 0), (674, 0)])","(35.0, 0, [(2207, 0)])","(50.0, -1, [(2936, 1), (1613, 0)])","(40.0, -1, [(1503, 0), (518, 0)])","(40.0, 0, [(964, 0)])","(40.0, -2, [(1309, 0), (573, 0), (239, 0)])","(0, 0, [(3275, 0), (2381, 0)])","(0, 1, [(946, 0)])","(25.0, 0, [(1327, 0), (273, 0), (471, 0), (291, 0)])","(0, -24, [(1226, 0), (569, 0), (703, 0)])","(40.0, 0, [(2077, 0)])","(40.0, -8, [(2065, 0), (306, 0)])","(40.0, -4, [(1522, 0), (1010, 0)])","(40.0, -3, [(2328, 0), (394, 0), (435, 0), (47, 0)])","(50.0, -4, [(1385, 0), (2007, 1), (385, 0), (190, 0)])","(40.0, -1, [(1913, 0), (304, 0)])","(40.0, -1, [(1608, 0), (686, 0), (281, 0), (253, 0)])","(50.0, -3, [(2688, 1)])","(45.0, -66, [(1412, 1), (442, 0)])","(40.0, 0, [(243, 1)])","(40.0, -8, [(750, 1), (278, 0), (363, 0), (112, 0)])","(40.0, -2, [(2302, 1)])","(50.0, -62, [(1577, 1), (767, 0), (314, 0), (90, 0)])","(50.0, -10, [(1073, 2)])","(40.0, 0, [(860, 1)])","(40.0, -3, [(425, 1), (292, 0)])","(30.0, 0, [(850, 1)])","(30.0, 1, [(1046, 1)])","(30.0, 0, [(339, 1)])","(0, 0, [])","(50.0, 0, [(4164, 0), (2268, 0), (328, 0), (333, 0), (267, 0), (713, 0)])"
"Lamson, Lynnette",3797953,"(0, 0, [])","(0, 0, [])","(0, 0, [])","(0, 0, [])","(0, -6, [(522, 0)])","(40.0, -10, [(709, 2), (427, 0)])","(40.0, -5, [(82, 2)])","(40.0, -3, [(1301, 0), (1492, 0), (526, 0)])","(40.0, -2, [(1275, 0), (287, 0)])","(40.0, -2, [(1802, 0), (997, 0)])","(40.0, -3, [(1482, 0), (309, 0)])","(40.0, -8, [(1509, 0)])","(0, 0, [])","(0, -3, [(2482, 0), (605, 0)])","(0, -11, [(2621, 0), (834, 0)])","(30.0, -14, [(2706, 0), (329, 0)])","(0, -10, [(2310, 0), (541, 0)])","(30.0, -38, [(2031, 0)])","(0, 0, [])","(30.0, -5, [(1198, 0), (359, 0)])","(40.0, -2, [(1204, 0), (649, 0)])","(30.0, -3, [(658, 0), (310, 0)])","(40.0, -3, [(1526, 0), (264, 0)])","(35.0, -1, [(922, 0), (565, 0)])","(40.0, -37, [(698, 0)])","(50.0, -51, [(1697, 1)])","(40.0, -4, [(857, 1)])","(40.0, -7, [(1435, 1)])","(40.0, -39, [(1909, 1)])","(40.0, -25, [(659, 1)])","(30.0, -3, [(480, 1)])","(35.0, -10, [(786, 1)])","(40.0, -6, [(551, 1)])","(30.0, -10, [(397, 2)])","(37.0, -5, [(1050, 1)])","(40.0, -6, [(569, 1)])","(0, 0, [])","(35.0, 15, [(1677, 0), (450, 0)])"
"Lavoie, Lesli",4359379,"(0, 0, [])","(0, 0, [])","(0, 0, [])","(0, 0, [])","(0, -1, [(1332, 0)])","(40.0, 0, [(844, 2), (274, 0)])","(40.0, -1, [(314, 2)])","(40.0, 0, [(1251, 0), (479, 1), (478, 0)])","(35.0, 0, [(771, 0)])","(30.0, 47, [(1134, 1), (587, 0)])","(35.0, -19, [(2475, 0)])","(30.0, 64, [(1582, 3)])","(30.0, -10, [(460, 0), (92, 0)])","(0, -1, [(1192, 0), (772, 0)])","(0, 0, [(525, 0)])","(0, 0, [])","(0, -51, [(1371, 0), (1650, 0)])","(30.0, -54, [(1160, 0)])","(40.0, -1, [(1307, 0), (300, 0)])","(40.0, -1, [(1925, 0), (479, 0)])","(40.0, -8, [(644, 0), (774, 0)])","(40.0, -2, [(686, 0), (880, 0), (518, 0), (37, 0)])","(30.0, 0, [(1942, 0)])","(40.0, 0, [(654, 0), (396, 2), (475, 0)])","(0, 0, [])","(45.0, -1, [(1186, 1)])","(40.0, 0, [(309, 1)])","(40.0, -1, [(423, 1)])","(40.0, 0, [(1293, 1)])","(40.0, -35, [(622, 1)])","(40.0, -25, [(714, 6), (419, 0)])","(35.0, -1, [(982, 1)])","(40.0, 0, [(111, 1)])","(30.0, 0, [(454, 1)])","(40.0, -2, [(1193, 1)])","(40.0, -1, [(1202, 1), (561, 0)])","(0, 0, [])","(40.0, 0, [(1333, 0), (1068, 0)])"
"Litman, Lesli",4359376,"(40.0, -3, [(3359, 0)])","(30.0, 0, [(1823, 0), (149, 0)])","(35.0, -7, [(1480, 0)])","(40.0, -1, [(2063, 1), (347, 0)])","(0, -2, [(456, 0)])","(40.0, -1, [(754, 1), (331, 0)])","(40.0, -2, [(89, 1)])","(25.0, -1, [(1425, 0)])","(40.0, 0, [(1377, 0), (321, 0)])","(40.0, -4, [(1267, 0), (256, 0), (2167, 0)])","(40.0, -9, [(1606, 0), (362, 0)])","(40.0, -1, [(2512, 0), (246, 0)])","(40.0, -11, [(298, 0), (243, 0), (69, 0)])","(0, -1, [(1403, 0), (391, 0), (656, 0)])","(0, -2, [(874, 0)])","(30.0, -1, [(1306, 0), (344, 0)])","(0, -6, [(1727, 0), (225, 0)])","(27.0, 0, [(929, 0), (336, 0)])","(30.0, -7, [(683, 0), (437, 0)])","(40.0, -1, [(1206, 0), (418, 0)])","(40.0, -1, [(1206, 0), (325, 0)])","(30.0, -3, [(474, 0), (250, 0)])","(0, 0, [])","(40.0, -1, [(838, 0), (502, 0)])","(40.0, -1, [(716, 0)])","(40.0, -2, [(1029, 1)])","(40.0, -2, [(350, 1)])","(40.0, -4, [(503, 1), (163, 0)])","(40.0, 0, [(1600, 1), (377, 0)])","(40.0, -1, [(581, 1), (240, 0)])","(40.0, -2, [(959, 1), (226, 0)])","(40.0, -1, [(1236, 1), (105, 0)])","(35.0, -2, [(378, 1)])","(30.0, -1, [(495, 1)])","(38.0, -4, [(1225, 1)])","(40.0, -26, [(697, 1)])","(0.0, -1, [(350, 1)])","(35.0, 0, [(1152, 0)])"
"Macdonald, Marquerite",4378392,"(40.0, -1, [(3347, 0)])","(40.0, 0, [(3389, 0)])","(40.0, -102, [(1623, 0)])","(40.0, -10, [(3619, 1), (363, 0), (587, 0)])","(0, -10, [(1722, 0), (85, 0)])","(30.0, 0, [(421, 2)])","(40.0, 0, [(83, 2)])","(40.0, -1, [(2029, 0), (1516, 0), (232, 0), (187, 0)])","(35.0, -3, [(3251, 0)])","(40.0, -2, [(2655, 0), (3306, 0)])","(40.0, -1, [(2985, 0), (1528, 0)])","(40.0, -1, [(3643, 0)])","(0, 0, [])","(0, -8, [(2168, 0), (2636, 0), (81, 0), (84, 0)])","(0, -2, [(3054, 0), (203, 0)])","(30.0, -7, [(2141, 0)])","(0, -6, [(1674, 0), (168, 0)])","(37.0, -25, [(3041, 0)])","(40.0, -2, [(2003, 0), (649, 0)])","(30.0, -2, [(589, 0), (325, 0)])","(30.0, -3, [(1110, 0)])","(40.0, -7, [(1431, 0), (830, 0), (194, 0), (306, 0)])","(40.0, 0, [(2370, 0), (397, 0)])","(40.0, -2, [(1703, 0), (216, 0), (399, 0), (433, 0)])","(40.0, -1, [(798, 0), (140, 0), (104, 0)])","(40.0, -1, [(716, 1), (96, 0), (109, 0)])","(40.0, -3, [(402, 1)])","(40.0, -50, [(759, 1), (164, 0)])","(40.0, -31, [(1744, 1)])","(40.0, -15, [(969, 1), (124, 0), (538, 0), (227, 0)])","(50.0, -27, [(1569, 2), (156, 0), (287, 0)])","(40.0, -6, [(1537, 1)])","(40.0, -25, [(997, 1)])","(32.0, -4, [(1072, 1), (110, 0)])","(40.0, -8, [(1464, 1)])","(40.0, -1, [(960, 2)])","(0, 0, [])","(40.0, 0, [(1500, 0), (321, 0)])"
"Macmillan, Milissa",4359347,"(0, 0, [])","(0, 0, [])","(0, 0, [])","(0, 0, [])","(0, -5, [(913, 0)])","(35.0, -33, [(865, 2)])","(20.0, -27, [(0, 4)])","(30.0, -11, [(1474, 0), (1109, 0)])","(40.0, -10, [(1939, 0), (830, 0), (694, 0)])","(40.0, -12, [(1405, 0), (979, 0)])","(35.0, -10, [(2006, 0)])","(40.0, -8, [(1370, 0)])","(40.0, -39, [(820, 0), (246, 0)])","(0, -13, [(1481, 0)])","(0, -60, [(1774, 0)])","(26.999999999999996, -15, [(2115, 0)])","(0, -12, [(2506, 0), (269, 0), (374, 0)])","(30.0, -13, [(1267, 0)])","(40.0, -33, [(2563, 0), (411, 0), (250, 0)])","(30.0, -11, [(1147, 0), (585, 0)])","(40.0, -12, [(1962, 0), (531, 0)])","(30.0, -12, [(2119, 0), (545, 0)])","(40.0, -11, [(2244, 0), (686, 0)])","(35.0, -1, [(2439, 0)])","(40.0, -11, [(672, 0), (37, 0)])","(40.0, -15, [(626, 1)])","(40.0, -13, [(1242, 1), (549, 0)])","(50.0, -13, [(524, 1), (959, 0), (130, 0), (290, 0), (278, 0)])","(40.0, -27, [(831, 1)])","(40.0, -68, [(1031, 1)])","(40.0, -12, [(590, 1), (576, 0)])","(40.0, -34, [(1320, 1)])","(40.0, -5, [(228, 1)])","(30.0, -11, [(652, 1)])","(37.0, -9, [(1669, 1)])","(40.0, -13, [(854, 1)])","(0, 0, [])","(30.0, 14, [(1402, 0), (930, 0)])"
"Maddox, Manda",4359359,"(40.0, -103, [(2524, 0)])","(40.0, -1, [(3603, 0), (452, 0), (132, 0), (186, 0)])","(40.0, -7, [(2462, 0)])","(40.0, -31, [(2227, 3), (342, 0), (153, 0)])","(0, -74, [(1069, 0), (33, 0), (196, 0), (252, 0), (698, 0), (265, 0), (218, 0), (302, 0), (132, 0), (433, 0)])","(50.0, -22, [(2201, 1), (10, 0), (108, 0), (248, 0), (124, 0)])","(40.0, -15, [(302, 2), (76, 0), (10, 0)])","(40.0, -33, [(3060, 1), (740, 0), (179, 0)])","(50.0, 0, [(1708, 0), (177, 1), (32, 0), (241, 0), (118, 0)])","(50.0, -52, [(1506, 2), (412, 0), (405, 0), (581, 0), (765, 0)])","(45.0, -9, [(1441, 0), (1125, 4), (203, 0), (464, 0), (379, 0)])","(40.0, -103, [(1490, 1)])","(30.0, -18, [(545, 0), (104, 0)])","(0, -12, [(825, 0), (19, 0), (134, 0), (1580, 0), (232, 0)])","(0, 0, [(941, 0), (516, 0)])","(24.000000000000004, -32, [(1003, 0), (181, 0), (85, 0)])","(0, -13, [(1124, 0), (261, 0), (214, 0)])","(32.0, -77, [(817, 0), (207, 0)])","(40.0, -35, [(853, 0), (345, 0), (657, 0), (274, 0), (368, 0)])","(40.0, -5, [(2066, 0), (79, 0), (216, 0), (387, 0), (887, 0), (411, 0), (440, 0), (642, 0)])","(40.0, -5, [(1063, 0), (278, 0), (382, 0), (239, 0)])","(50.0, -9, [(902, 0), (227, 0), (19, 0), (386, 0), (2047, 0)])","(50.0, -30, [(3277, 0), (168, 0), (646, 0), (736, 0), (902, 0), (18, 0)])","(40.0, -28, [(1389, 0), (722, 0), (116, 0), (96, 0), (308, 0), (532, 0)])","(40.0, -152, [(980, 1)])","(40.0, -25, [(278, 0), (728, 1), (122, 0)])","(40.0, 0, [(381, 1)])","(40.0, -80, [(548, 1), (128, 0)])","(40.0, -23, [(1430, 1)])","(50.0, -117, [(940, 1), (223, 0), (172, 0), (216, 0), (129, 0), (80, 0), (102, 0), (116, 0), (462, 0), (193, 0), (357, 0)])","(40.0, -1, [(897, 1), (92, 0), (135, 0), (236, 0), (130, 0), (76, 0)])","(40.0, -24, [(766, 1), (4, 0), (10, 0)])","(40.0, -75, [(534, 1)])","(40.0, -79, [(929, 1), (25, 0), (45, 0)])","(50.0, -38, [(2601, 1), (97, 0), (74, 0)])","(40.0, -100, [(906, 1)])","(0, 0, [])","(40.0, -8, [(678, 0), (193, 0), (136, 0)])"
"Mahi, Mika",4359320,"(38.0, -21, [(1596, 0)])","(30.0, -16, [(1156, 0)])","(38.0, -8, [(1143, 0)])","(31.0, -9, [(1443, 1)])","(0, -1, [(1099, 0), (227, 0)])","(35.0, -2, [(321, 2), (81, 0)])","(40.0, -6, [(3, 5)])","(40.0, -2, [(876, 0), (970, 0), (53, 0)])","(30.0, -1, [(610, 0)])","(40.0, -1, [(1518, 1), (1175, 0)])","(40.0, -1, [(947, 0), (370, 0)])","(40.0, -2, [(1409, 0)])","(30.0, -15, [(458, 0), (100, 0)])","(0, -11, [(401, 0)])","(0, -26, [(984, 0)])","(21.0, -31, [(851, 0)])","(0, -22, [(715, 0)])","(30.0, -7, [(1013, 0)])","(30.0, -2, [(1172, 0)])","(20.0, -2, [(1104, 0)])","(40.0, -2, [(774, 0), (47, 0)])","(40.0, -8, [(849, 0), (115, 0), (1216, 1)])","(40.0, -3, [(1757, 0), (58, 0)])","(40.0, -10, [(1632, 0), (76, 0)])","(40.0, -7, [(555, 0)])","(40.0, -60, [(515, 1)])","(40.0, -52, [(472, 2)])","(40.0, -79, [(459, 1)])","(40.0, -22, [(587, 1)])","(40.0, -36, [(842, 1)])","(40.0, -5, [(596, 1)])","(40.0, -1, [(1745, 1)])","(40.0, -4, [(1079, 1), (427, 1)])","(30.0, -2, [(592, 1)])","(37.0, -2, [(760, 1)])","(40.0, -34, [(438, 1)])","(0.0, -2, [(141, 1)])","(0, 0, [])"
"Maugeri, Madie",4359362,"(0, 0, [])","(0, 0, [])","(0, 0, [])","(0, 0, [])","(0, -13, [(2533, 0)])","(40.0, 0, [(1532, 2), (251, 0)])","(40.0, 0, [(0, 1)])","(50.0, -9, [(6124, 0), (771, 0), (3911, 0)])","(37.0, -3, [(5203, 0)])","(50.0, -11, [(5989, 1), (393, 0), (4480, 0), (125, 0)])","(50.0, -10, [(5631, 0), (4030, 0)])","(50.0, -10, [(4333, 2), (2946, 0), (294, 0)])","(40.0, -15, [(973, 0), (372, 0)])","(0, -11, [(5035, 0), (777, 0)])","(0, -3, [(5082, 0), (546, 0)])","(41.0, -5, [(5213, 0)])","(0, -13, [(3912, 0)])","(31.0, 19, [(2613, 0), (458, 0)])","(50.0, -4, [(4776, 0), (969, 0), (1022, 0), (224, 0)])","(40.0, -6, [(5444, 0), (255, 0), (25, 0)])","(40.0, -10, [(2994, 0), (172, 0)])","(40.0, -13, [(2859, 0), (1817, 0)])","(50.0, -2, [(4853, 1), (126, 0)])","(50.0, -11, [(6685, 0), (650, 0)])","(40.0, 0, [(1637, 1)])","(40.0, -12, [(1681, 1)])","(40.0, -1, [(1200, 1)])","(40.0, -7, [(1142, 1)])","(30.0, 20, [(1612, 1)])","(40.0, -12, [(974, 1)])","(40.0, -12, [(913, 1)])","(40.0, 0, [(1419, 1)])","(40.0, -13, [(554, 1)])","(30.0, 0, [(830, 1)])","(45.0, 0, [(1884, 1)])","(50.0, -3, [(491, 1)])","(0, 0, [])","(50.0, -2, [(5519, 0), (762, 0)])"
"Milling, Melodie",4359368,"(40.0, -118, [(3645, 0)])","(40.0, -24, [(4151, 1)])","(40.0, -1, [(10175, 0)])","(35.0, -130, [(3508, 1)])","(0, -49, [(2046, 0)])","(40.0, -10, [(1523, 2), (593, 0)])","(40.0, -6, [(91, 1)])","(50.0, -3, [(2146, 2), (517, 0), (2486, 0), (418, 0)])","(50.0, -56, [(3959, 0), (313, 0)])","(50.0, -73, [(2490, 0), (4277, 0), (619, 0)])","(50.0, -9, [(2387, 0), (331, 0), (471, 0), (330, 0), (411, 0), (1164, 0)])","(50.0, -5, [(3717, 0), (832, 1), (457, 0)])","(40.0, -43, [(1694, 0), (228, 0), (732, 0)])","(0, -1, [(1394, 1), (1120, 0)])","(0, -10, [(3267, 0), (547, 0)])","(0, 0, [])","(0, -126, [(2450, 0), (402, 0), (145, 0)])","(40.0, -63, [(2699, 0), (450, 0)])","(40.0, -2, [(3070, 0), (544, 0)])","(40.0, -1, [(3611, 0), (669, 0)])","(40.0, -5, [(1222, 0), (344, 0), (539, 0)])","(50.0, -14, [(1593, 0), (2294, 1), (769, 1)])","(50.0, 0, [(4133, 0), (634, 0)])","(40.0, -3, [(2201, 0), (829, 0)])","(40.0, -53, [(167, 0), (1084, 1)])","(40.0, -6, [(687, 1), (570, 0)])","(40.0, -49, [(835, 1), (293, 0)])","(40.0, -77, [(769, 1)])","(40.0, -52, [(1506, 1), (432, 0), (487, 0)])","(40.0, -36, [(900, 1), (141, 0), (627, 0)])","(40.0, -9, [(713, 1)])","(45.0, -24, [(2656, 1)])","(40.0, -48, [(709, 1)])","(30.0, -49, [(632, 2)])","(40.0, -72, [(1145, 1)])","(40.0, -117, [(781, 1)])","(0.0, -48, [(155, 1)])","(40.0, -29, [(2136, 0), (965, 0)])"
"Morocco, Marybeth",4359371,"(40.0, -7, [(3506, 1)])","(40.0, -6, [(3295, 0)])","(38.0, -8, [(1631, 0), (349, 0)])","(40.0, -2, [(2780, 1)])","(0, -11, [(2577, 0), (421, 0)])","(40.0, -8, [(2295, 2), (238, 0), (160, 0)])","(40.0, -8, [(151, 0), (541, 1), (221, 0), (54, 0)])","(30.0, -7, [(2535, 0), (380, 0)])","(40.0, -3, [(2196, 0), (281, 0)])","(50.0, -2, [(971, 0), (1219, 0), (895, 0), (759, 0)])","(40.0, -3, [(1115, 0), (766, 0), (1026, 0), (667, 0)])","(40.0, -3, [(1910, 0)])","(40.0, -18, [(1044, 0), (602, 0)])","(0, -5, [(1246, 0), (245, 0), (2462, 0)])","(0, -3, [(1665, 0)])","(22.0, -2, [(824, 0), (452, 0)])","(0, -3, [(2093, 0), (427, 0)])","(30.0, -4, [(2032, 0)])","(40.0, -7, [(1667, 0), (540, 0)])","(40.0, -12, [(2172, 0), (320, 0), (531, 0), (1994, 0)])","(30.0, 7, [(2889, 1), (451, 0)])","(50.0, -9, [(2269, 2), (2738, 0), (668, 0)])","(50.0, -6, [(2871, 0), (757, 0)])","(40.0, -7, [(1363, 0), (1729, 0), (498, 0), (220, 0)])","(40.0, -3, [(1051, 1)])","(40.0, -4, [(1083, 1), (732, 0)])","(40.0, -2, [(1404, 1)])","(40.0, -5, [(935, 1), (397, 0), (159, 0)])","(0, -3, [(1391, 1)])","(40.0, -18, [(817, 1), (376, 0), (230, 0)])","(50.0, -29, [(1599, 1), (667, 0)])","(40.0, -14, [(2156, 1), (207, 0)])","(40.0, -6, [(916, 1)])","(40.0, -7, [(2409, 2)])","(40.0, -7, [(2699, 1)])","(40.0, -14, [(1481, 3)])","(0, 0, [])","(40.0, -2, [(1787, 0), (381, 0)])"
"Myers, Monica",4359318,"(0, 0, [])","(0, 0, [])","(0, 0, [])","(0, 0, [])","(0, 0, [(1174, 0)])","(40.0, 0, [(1102, 2), (382, 0)])","(40.0, 0, [(99, 2)])","(38.0, 0, [(3695, 0), (2888, 0)])","(38.0, 0, [(4737, 0)])","(50.0, 0, [(1398, 0), (1066, 0), (3432, 0)])","(35.0, 0, [(2390, 0)])","(50.0, -6, [(2906, 0), (2460, 0)])","(40.0, -11, [(805, 0), (383, 0), (374, 0)])","(0, 0, [(1347, 0)])","(0, 0, [(1856, 0)])","(39.0, -1, [(3454, 0), (338, 0)])","(0, -3, [(741, 0), (531, 0)])","(28.0, -2, [(998, 0)])","(50.0, -1, [(3526, 0), (505, 0), (644, 0), (432, 0)])","(50.0, -1, [(4775, 0), (443, 0), (570, 0)])","(40.0, -1, [(1113, 0), (420, 0), (318, 0)])","(40.0, -3, [(1896, 0), (1761, 0)])","(50.0, -6, [(4612, 0), (540, 0)])","(35.0, 0, [(2281, 0), (92, 0)])","(40.0, -9, [(850, 0)])","(50.0, -48, [(1871, 1)])","(40.0, 0, [(786, 1), (376, 1)])","(40.0, -3, [(1446, 1)])","(40.0, 0, [(1067, 1)])","(40.0, -1, [(933, 1), (514, 0), (378, 0), (354, 0)])","(40.0, -1, [(927, 1)])","(45.0, -2, [(2867, 1), (282, 0)])","(40.0, -1, [(898, 1)])","(31.0, -2, [(1498, 1)])","(40.0, 0, [(945, 1)])","(40.0, -2, [(1059, 1)])","(0.0, 0, [(482, 1)])","(35.0, -13, [(2048, 0)])"
"Newby, Nila",4359329,"(0, 0, [])","(0, 0, [])","(0, 0, [])","(0, 0, [])","(0, -13, [(3588, 0), (1952, 0)])","(40.0, -2, [(66, 2), (33, 0), (355, 0)])","(40.0, -1, [(0, 2)])","(50.0, -1, [(3930, 0), (1007, 0), (245, 0), (400, 0), (294, 0)])","(35.0, -2, [(1776, 0)])","(50.0, -4, [(1676, 1), (2155, 0), (256, 0)])","(35.0, -2, [(1700, 0)])","(40.0, -4, [(3034, 1)])","(30.0, -3, [(630, 0)])","(0, -2, [(1580, 1)])","(0, -1, [(1667, 0), (492, 0)])","(22.0, -2, [(944, 0)])","(0, -7, [(1584, 0), (313, 0)])","(30.0, -1, [(1525, 0), (278, 0)])","(40.0, -3, [(2116, 0), (664, 1)])","(20.0, -3, [(1482, 0)])","(30.0, -3, [(1209, 0)])","(40.0, -2, [(1098, 0), (1210, 0)])","(40.0, -3, [(1966, 0), (438, 0)])","(35.0, -6, [(405, 0), (1247, 0)])","(43.0, -52, [(497, 1), (772, 0)])","(40.0, -2, [(151, 0), (1940, 2)])","(30.0, 0, [(225, 1)])","(40.0, -28, [(427, 0), (250, 0), (613, 1)])","(40.0, 0, [(986, 1), (238, 0), (217, 0)])","(40.0, 7, [(776, 1)])","(50.0, -2, [(1187, 1), (165, 0), (553, 0)])","(45.0, -4, [(2133, 2)])","(40.0, -27, [(415, 1), (143, 0), (175, 0), (179, 0)])","(30.0, -11, [(483, 1), (199, 0), (313, 0)])","(43.0, -25, [(1010, 1), (80, 0), (222, 0), (194, 0), (179, 0)])","(40.0, -4, [(98, 0), (38, 0), (85, 0), (547, 1)])","(0, 0, [])","(40.0, -6, [(1965, 0), (123, 0)])"
"Rain, Regine",4359319,"(40.0, -94, [(3016, 0), (687, 0)])","(40.0, -25, [(2814, 0)])","(40.0, -7, [(2453, 0)])","(40.0, -77, [(2151, 1), (371, 0)])","(0, -75, [(2388, 0)])","(35.0, -2, [(1566, 1)])","(40.0, -1, [(0, 2)])","(40.0, -3, [(1631, 0), (1691, 0), (750, 0), (760, 0), (660, 0)])","(40.0, -5, [(2760, 0), (607, 0)])","(50.0, -72, [(1318, 0), (2502, 0)])","(40.0, 0, [(2443, 0), (306, 0), (500, 0), (161, 0)])","(40.0, -1, [(1391, 0), (557, 0)])","(30.0, -15, [(626, 0)])","(0, -6, [(1676, 0), (2273, 0)])","(0, -2, [(2491, 0)])","(30.0, -25, [(1890, 0), (254, 0)])","(0, -11, [(1416, 0), (63, 0), (478, 0)])","(30.0, -5, [(1898, 0)])","(40.0, -3, [(1448, 0), (796, 0)])","(40.0, -12, [(1601, 0), (727, 0)])","(40.0, -2, [(1791, 0), (771, 0)])","(30.0, -6, [(1687, 0), (908, 0)])","(30.0, -3, [(1935, 0)])","(35.0, -35, [(714, 0), (665, 0)])","(30.0, 307, [(1002, 0)])","(40.0, -3, [(1324, 1)])","(40.0, -1, [(1020, 1)])","(40.0, -11, [(750, 2)])","(40.0, -3, [(1604, 2)])","(50.0, -14, [(1975, 1), (477, 0), (800, 0), (230, 0)])","(40.0, -4, [(1830, 1)])","(45.0, -6, [(2372, 1)])","(40.0, -82, [(970, 1), (235, 0), (581, 0)])","(35.0, -10, [(1811, 1)])","(43.0, -49, [(1991, 1), (40, 0)])","(40.0, -3, [(1740, 1)])","(0, 0, [])","(40.0, -3, [(1911, 0), (325, 0)])"
"Reams, Roslyn",4359326,"(0, 0, [])","(0, 0, [])","(0, 0, [])","(0, 0, [])","(0, -10, [(2740, 0)])","(0, 0, [])","(0, 0, [])","(35.0, -4, [(1497, 0), (1128, 0)])","(30.0, -28, [(1364, 0)])","(30.0, -52, [(1265, 0)])","(40.0, -54, [(1285, 0), (1398, 0)])","(40.0, -57, [(2062, 0)])","(0, 0, [])","(0, -6, [(1951, 0)])","(0, -26, [(1418, 0)])","(25.0, -12, [(1496, 0)])","(0, -4, [(1882, 0)])","(0, 0, [])","(30.0, -30, [(1214, 0)])","(20.0, -30, [(1538, 0)])","(30.0, -6, [(1923, 0)])","(40.0, -6, [(1169, 0), (1384, 0)])","(0, 0, [])","(40.0, -3, [(1684, 0), (323, 0)])","(40.0, -78, [(1025, 0)])","(40.0, -54, [(1008, 1)])","(40.0, -15, [(1124, 1)])","(40.0, -14, [(2029, 2), (159, 0)])","(40.0, -7, [(1171, 1)])","(40.0, -65, [(970, 1)])","(0, 0, [])","(0, 0, [])","(40.0, -11, [(692, 1)])","(30.0, -3, [(644, 1)])","(40.0, -4, [(1543, 1)])","(0, 0, [])","(0, 0, [])","(35.0, -37, [(1614, 0)])"
"Riffel, Reiko",4363498,"(0, 0, [])","(0, 0, [])","(0, 0, [])","(0, 0, [])","(0, 0, [])","(0, 0, [])","(0, 0, [])","(0, 0, [])","(0, 0, [])","(0, 0, [])","(0, 0, [])","(0, 0, [])","(40.0, -11, [(917, 0), (625, 0)])","(0, 0, [])","(0.0, 0, [])","(0, 0, [])","(0, 0, [])","(0, 0, [])","(50.0, -11, [(2520, 0), (1139, 0)])","(40.0, -3, [(2641, 0), (496, 0)])","(0, 0, [])","(0, 0, [])","(0, 0, [])","(0, 0, [])","(0, 0, [])","(0, 0, [])","(0, 0, [])","(0, 0, [])","(0, 0, [])","(40.0, -22, [(1251, 1), (251, 0), (283, 0), (301, 0)])","(0, 0, [])","(0, 0, [])","(0, 0, [])","(0, 0, [])","(0, 0, [])","(0, 0, [])","(0, 0, [])","(0, 0, [])"
"Robeson, Rikki",4359373,"(0, 0, [])","(0, 0, [])","(0, 0, [])","(0, 0, [])","(0, -2, [(1813, 0)])","(40.0, -4, [(656, 1), (335, 0)])","(40.0, -3, [(99, 1)])","(35.0, -5, [(1907, 0), (1793, 0)])","(40.0, -7, [(1659, 0), (686, 0)])","(40.0, -13, [(1945, 1), (1204, 0)])","(35.0, -6, [(1735, 0)])","(50.0, -4, [(1865, 0), (409, 0), (935, 0)])","(40.0, 0, [])","(0, -5, [(2974, 0), (398, 0), (754, 0)])","(0, -6, [(1731, 0)])","(30.0, -26, [(953, 1), (111, 0), (635, 0)])","(0, -1, [(1933, 0), (388, 0)])","(35.0, -28, [(1680, 0), (879, 0)])","(40.0, -5, [(2866, 0), (355, 0)])","(40.0, -53, [(2654, 0), (422, 0)])","(40.0, -6, [(1643, 0), (229, 0)])","(40.0, -8, [(2884, 0), (366, 0)])","(40.0, 0, [(2801, 0), (540, 0), (135, 0)])","(40.0, -3, [(2424, 0), (708, 0), (670, 0)])","(40.0, -51, [(2023, 0)])","(45.0, -52, [(2114, 1), (122, 0), (541, 0)])","(40.0, -5, [(1395, 1)])","(40.0, -4, [(203, 0), (1061, 1)])","(40.0, -51, [(2283, 1), (305, 0), (137, 0)])","(40.0, -40, [(899, 1), (261, 0)])","(40.0, -3, [(1239, 1)])","(40.0, -5, [(1283, 1)])","(40.0, -26, [(0, 0), (564, 1)])","(30.0, -10, [(1074, 1)])","(45.0, -1, [(1842, 1), (223, 0), (469, 0)])","(40.0, -5, [(203, 0), (700, 1)])","(0, 0, [])","(35.0, -4, [(2729, 0)])"
"Ryles, Rosa",4359377,"(40.0, -79, [(4290, 0)])","(40.0, -54, [(5233, 0), (1855, 0)])","(40.0, -9, [(3417, 0)])","(30.0, -7, [(2587, 1), (261, 0)])","(0, -32, [(3885, 0), (361, 0)])","(40.0, -27, [(716, 1), (586, 0), (419, 0)])","(40.0, -15, [(247, 3)])","(40.0, -1, [(1620, 0), (1647, 0), (616, 0)])","(40.0, -3, [(2868, 0), (1017, 0)])","(50.0, -5, [(2839, 0), (314, 0), (3420, 0)])","(40.0, -5, [(2458, 0), (233, 0), (492, 0)])","(40.0, -5, [(2277, 0), (670, 0)])","(40.0, -42, [(1232, 0), (572, 0)])","(0, -9, [(2469, 0), (1365, 0), (614, 0)])","(0, -11, [(4314, 0), (908, 0), (844, 0)])","(40.0, -7, [(4108, 0), (1104, 0)])","(0, -3, [(1871, 0)])","(40.0, -22, [(1348, 0), (1287, 0)])","(40.0, -1, [(1548, 0), (434, 0)])","(50.0, -6, [(3161, 0), (657, 0), (1218, 0), (461, 0)])","(40.0, -3, [(2888, 0), (181, 0), (715, 0), (850, 0)])","(50.0, -32, [(1148, 0), (1626, 0), (1102, 0), (1043, 0)])","(50.0, -1, [(4045, 0), (558, 0)])","(40.0, -5, [(2333, 0), (1058, 0), (590, 0)])","(45.0, -38, [(1638, 0)])","(40.0, -55, [(1347, 2)])","(40.0, -8, [(881, 1)])","(40.0, -53, [(761, 1)])","(40.0, -21, [(2046, 1)])","(40.0, 7, [(1646, 1)])","(50.0, -9, [(1765, 2)])","(43.0, -29, [(2110, 1)])","(40.0, -37, [(615, 1)])","(35.0, -17, [(1622, 1)])","(40.0, -38, [(1379, 1)])","(40.0, -1, [(852, 1)])","(0, 0, [])","(40.0, 0, [(3287, 0), (448, 0)])"
"Scutt, Sydney",4359317,"(0, 0, [])","(0, 0, [])","(0, 0, [])","(0, 0, [])","(0, -10, [(3103, 0), (222, 0)])","(40.0, 0, [(1176, 2), (436, 0), (62, 0), (100, 0), (471, 0)])","(40.0, -8, [(1, 2), (120, 0)])","(40.0, 0, [(1871, 0), (1854, 0), (802, 0), (435, 0)])","(40.0, 0, [(1530, 0), (264, 0), (227, 0)])","(50.0, 0, [(1901, 1), (145, 0), (815, 0)])","(50.0, -1, [(2477, 0), (292, 0), (112, 0), (1833, 2), (49, 0)])","(40.0, -1, [(2554, 1)])","(40.0, -1, [(1986, 0), (324, 0)])","(0, -10, [(1882, 0), (201, 0), (514, 0)])","(0, -2, [(2054, 0)])","(32.0, -1, [(2640, 0), (265, 0)])","(0, 10, [(2710, 0)])","(30.0, -25, [(2214, 0), (215, 0)])","(40.0, -2, [(1988, 0), (744, 0), (622, 0)])","(20.0, 13, [(2061, 0), (311, 0)])","(40.0, -2, [(2968, 0), (147, 0)])","(50.0, -10, [(2272, 0), (1655, 1), (392, 0)])","(40.0, 0, [(1867, 0), (361, 0)])","(40.0, -1, [(1589, 0), (915, 0), (44, 0), (673, 0)])","(40.0, -7, [(114, 0), (693, 1)])","(40.0, -55, [(810, 1)])","(35.0, -3, [(1104, 1)])","(40.0, -49, [(1295, 1)])","(50.0, -26, [(3857, 1), (624, 0)])","(40.0, -17, [(1247, 1), (88, 0)])","(40.0, -9, [(1470, 1), (422, 0), (387, 0)])","(40.0, -8, [(1567, 2)])","(50.0, -11, [(1343, 1), (227, 0)])","(33.0, -9, [(1431, 2), (50, 0)])","(40.0, -9, [(2209, 2)])","(40.0, -7, [(859, 1), (122, 0), (82, 0), (103, 0)])","(0.0, -8, [(180, 1)])","(40.0, -5, [(2542, 0), (562, 0), (697, 0)])"
"Silversmith, Shavonne",3672218,"(40.0, -2, [(5150, 0)])","(40.0, -4, [(6121, 0)])","(40.0, -2, [(3033, 0)])","(40.0, -1, [(2443, 1), (206, 0), (296, 0)])","(0, -22, [(2867, 0), (228, 0), (355, 0), (516, 0), (421, 0)])","(40.0, 0, [(606, 1), (520, 0), (377, 0)])","(40.0, 0, [(116, 1)])","(50.0, -3, [(5147, 1), (1792, 0), (529, 0)])","(45.0, -3, [(3622, 0), (186, 0), (199, 0), (228, 0)])","(50.0, -2, [(2016, 1), (3202, 0), (192, 0), (149, 0), (264, 0), (220, 0)])","(50.0, -1, [(3236, 0), (1185, 1), (254, 0), (262, 0)])","(40.0, -1, [(2806, 0), (309, 0), (212, 0)])","(40.0, -10, [(1641, 0), (243, 0)])","(0, -36, [(3632, 0), (3201, 0), (274, 0), (280, 0)])","(0, -1, [(5436, 0), (403, 0)])","(40.0, 0, [(2746, 0), (324, 0), (354, 0)])","(0, -2, [(1304, 0), (554, 0), (296, 0)])","(32.0, -2, [(1878, 0), (241, 0), (315, 0)])","(50.0, -4, [(4933, 0), (1338, 0)])","(50.0, -3, [(5345, 0), (848, 0)])","(50.0, -5, [(3506, 0), (760, 0)])","(50.0, -2, [(2586, 0), (1493, 0), (806, 0)])","(50.0, -1, [(5294, 0), (351, 0)])","(40.0, -1, [(1520, 0), (682, 0), (560, 0)])","(40.0, -12, [(1061, 4)])","(40.0, 0, [(1693, 2), (414, 0)])","(40.0, -4, [(1086, 3), (155, 0), (215, 0), (123, 0)])","(40.0, -38, [(1394, 3), (403, 0), (57, 0), (512, 0)])","(50.0, -20, [(2535, 1), (280, 0), (455, 0), (171, 0)])","(40.0, 8, [(852, 1)])","(40.0, -48, [(920, 2)])","(37.0, -72, [(1352, 1)])","(30.0, 0, [(460, 1), (447, 0)])","(30.0, -50, [(566, 2)])","(50.0, -6, [(1583, 1), (260, 0), (408, 0)])","(40.0, -2, [(500, 3)])","(0, 0, [])","(35.0, 0, [(2448, 0)])"
"Stayer, Shonta",4359353,"(40.0, -98, [(5452, 0)])","(40.0, 0, [(5500, 0), (578, 0)])","(40.0, -53, [(1677, 0)])","(40.0, -54, [(3121, 1), (241, 0)])","(0, -1, [(1293, 0), (301, 0)])","(40.0, -62, [(720, 2), (471, 0)])","(40.0, -63, [(0, 1)])","(40.0, -1, [(3528, 1), (1623, 0), (435, 0), (206, 0)])","(50.0, -11, [(5761, 0), (595, 0), (515, 0)])","(50.0, -58, [(3652, 1), (4710, 0), (247, 0), (282, 0)])","(50.0, -51, [(3632, 0), (3123, 1), (137, 0)])","(45.0, -12, [(5763, 0)])","(40.0, -65, [(1924, 0), (357, 0)])","(0, -4, [(3798, 0), (3054, 1)])","(0, -2, [(4488, 0)])","(33.0, -5, [(2658, 0), (251, 0)])","(0, -12, [(2526, 0), (260, 0)])","(40.0, -84, [(2313, 0), (1402, 0), (298, 0)])","(40.0, -26, [(3236, 0), (436, 0), (274, 0)])","(40.0, -4, [(3951, 0), (389, 0)])","(40.0, -7, [(2220, 4), (275, 0), (217, 0)])","(40.0, -55, [(1286, 0), (676, 1), (328, 0)])","(40.0, -17, [(4255, 0), (425, 0)])","(40.0, 0, [(2976, 0), (71, 0), (259, 0)])","(40.0, -29, [(858, 0)])","(50.0, -3, [(1822, 1), (88, 0)])","(40.0, -1, [(654, 1)])","(40.0, -53, [(774, 1), (316, 0)])","(40.0, -84, [(1718, 1), (206, 0)])","(40.0, -22, [(1139, 1), (225, 0), (359, 0), (75, 0)])","(40.0, -55, [(1108, 2), (261, 0)])","(40.0, -64, [(1585, 1), (70, 0)])","(40.0, 0, [(661, 1), (136, 0)])","(30.0, -3, [(315, 1)])","(50.0, -60, [(3354, 2)])","(40.0, -95, [(373, 1), (477, 0)])","(0.0, -37, [(826, 1)])","(40.0, -10, [(2932, 0), (189, 0), (198, 0)])"
"Struthers, Suellen",4359381,"(0, 0, [])","(0, 0, [])","(0, 0, [])","(0, 0, [])","(0, -25, [(2578, 0), (186, 0)])","(35.0, -23, [(1759, 2)])","(40.0, -11, [(80, 1)])","(40.0, -6, [(2786, 0), (449, 0), (422, 0), (1709, 0)])","(40.0, -2, [(2033, 0), (754, 0)])","(50.0, -31, [(2270, 0), (787, 0), (2699, 1)])","(40.0, -5, [(1948, 0), (1975, 2)])","(40.0, -7, [(2719, 0)])","(40.0, 0, [])","(0, -5, [(1935, 0)])","(0, -28, [(1795, 0)])","(30.0, -7, [(2479, 0)])","(0, -25, [(2434, 0), (333, 0)])","(34.0, -30, [(2013, 0)])","(30.0, -80, [(114, 0), (1270, 0)])","(50.0, -23, [(3433, 0), (841, 0)])","(40.0, -26, [(2623, 0), (285, 0)])","(40.0, -27, [(1353, 0), (853, 0), (833, 0), (712, 0)])","(50.0, -8, [(3177, 0), (479, 0), (377, 0)])","(40.0, -23, [(1947, 0), (898, 0), (401, 0)])","(40.0, -55, [(1124, 1)])","(40.0, -52, [(1440, 1)])","(40.0, -27, [(1045, 1), (451, 0)])","(40.0, -54, [(1021, 1)])","(40.0, -29, [(2383, 1), (470, 0)])","(40.0, -68, [(1264, 1), (472, 0), (123, 0)])","(50.0, -73, [(1583, 1), (571, 0), (348, 0)])","(40.0, -25, [(1922, 1)])","(40.0, -52, [(757, 1), (311, 0), (207, 0)])","(40.0, -97, [(801, 1)])","(40.0, 0, [(1630, 1), (392, 0)])","(40.0, -9, [(952, 1)])","(0, 0, [])","(40.0, -4, [(1855, 0), (472, 0)])"
"Studebaker, Shela",4359328,"(0, 0, [])","(0, 0, [])","(0, 0, [])","(0, 0, [])","(0, -1, [(1604, 0)])","(40.0, 0, [(599, 2), (242, 0), (388, 0)])","(40.0, 0, [(257, 2)])","(40.0, 0, [(838, 0), (860, 0), (448, 0)])","(35.0, 0, [(1269, 0)])","(40.0, 0, [(1175, 0), (355, 0), (964, 0)])","(40.0, -1, [(1314, 0), (1769, 0)])","(40.0, 0, [(1080, 0)])","(40.0, -11, [(1268, 0), (390, 0)])","(0, 0, [(1008, 0)])","(0, 0, [(971, 0), (604, 0)])","(32.0, 0, [(1639, 0), (445, 0)])","(0, 0, [])","(30.0, -3, [(1100, 0)])","(40.0, -1, [(590, 0), (668, 0)])","(40.0, -1, [(1667, 0), (258, 0)])","(20.0, -1, [(670, 0)])","(40.0, -1, [(1171, 0), (710, 0)])","(30.0, 0, [(626, 0), (329, 0), (305, 0)])","(40.0, -1, [(919, 0), (868, 0), (340, 0)])","(40.0, -336, [(504, 0), (242, 0), (857, 0), (92, 0), (265, 0)])","(30.0, 0, [(1081, 1), (334, 0)])","(40.0, 0, [(652, 1)])","(40.0, -5, [(1535, 1)])","(40.0, -1, [(1785, 1), (106, 0)])","(0, 0, [])","(40.0, 0, [(1013, 1)])","(40.0, 0, [(1797, 1)])","(40.0, -5, [(412, 1)])","(32.0, 0, [(1132, 1), (257, 0), (296, 0)])","(35.0, 0, [(1482, 2), (133, 0), (195, 1)])","(40.0, 0, [(1079, 1)])","(0, 0, [])","(40.0, -3, [(2299, 0), (532, 0)])"
"Surita, Shirlee",4370418,"(38.0, -103, [(2379, 0)])","(40.0, -3, [(7612, 0)])","(40.0, -3, [(2375, 0)])","(30.0, -1, [(904, 1)])","(0, -1, [(1056, 0)])","(35.0, -1, [(1102, 2)])","(40.0, -24, [(29, 2)])","(35.0, 6, [(3892, 2), (1744, 0), (144, 0), (143, 0)])","(40.0, -1, [(2320, 0), (450, 0)])","(40.0, -1, [(972, 0), (2181, 0)])","(40.0, 0, [(3969, 0), (769, 1)])","(30.0, 90, [(840, 0)])","(30.0, 129, [(273, 0), (177, 0)])","(0, -1, [(1224, 0), (1336, 0), (230, 1)])","(0, 0, [(1371, 0), (322, 0)])","(35.0, -1, [(1861, 0), (231, 0), (923, 0), (291, 0)])","(0, -1, [(1763, 0), (145, 0), (157, 0)])","(33.0, 0, [(2517, 0), (283, 0)])","(40.0, -2, [(1661, 0), (192, 0)])","(30.0, -1, [(1075, 0), (286, 0)])","(40.0, -8, [(1476, 0), (359, 0), (280, 0), (222, 0), (0, 1)])","(50.0, -1, [(3191, 0), (280, 0), (244, 0)])","(40.0, -1, [(2128, 0), (298, 0)])","(50.0, 0, [(1864, 0), (1372, 0), (546, 0), (309, 0), (269, 0), (402, 0), (194, 0), (3179, 2)])","(40.0, 0, [(446, 1)])","(40.0, -3, [(699, 1), (229, 0)])","(40.0, -1, [(267, 0), (3, 2), (503, 0), (319, 1)])","(40.0, -3, [(556, 0), (568, 1)])","(50.0, -4, [(1439, 1), (284, 0), (130, 0), (368, 0), (66, 0), (65, 0), (105, 0)])","(40.0, -16, [(567, 1), (155, 0), (174, 0)])","(30.0, -1, [(748, 1)])","(35.0, -1, [(632, 1)])","(40.0, -2, [(958, 2), (134, 0)])","(40.0, -5, [(873, 2), (111, 0), (147, 0)])","(40.0, -3, [(1114, 5)])","(40.0, 0, [(899, 2), (1234, 5)])","(0, 0, [])","(35.0, 94, [(2568, 0), (349, 0), (784, 0)])"
"Sypher, Shawnta",4359361,"(0, 0, [])","(0, 0, [])","(0, 0, [])","(0, 0, [])","(0, -2, [(6430, 0)])","(35.0, -2, [(424, 2)])","(30.0, 9, [(188, 1), (115, 0)])","(40.0, 0, [(2143, 0), (26, 1), (1582, 0), (686, 0), (25, 0)])","(40.0, -1, [(1615, 0), (511, 0), (686, 0)])","(50.0, 0, [(2789, 2), (487, 0), (770, 0), (446, 0)])","(40.0, -2, [(2619, 0), (154, 0), (647, 0)])","(40.0, 0, [(2728, 0)])","(40.0, 0, [(98, 0), (158, 0)])","(0, 215, [(1059, 0)])","(0, 0, [])","(28.000000000000004, -1, [(1376, 0)])","(0, 155, [(2122, 0)])","(30.0, 36, [(1769, 0), (731, 0), (486, 0)])","(40.0, -1, [(2576, 0), (566, 0)])","(40.0, -1, [(2302, 0), (200, 0), (79, 0), (592, 0)])","(40.0, -27, [(1400, 0), (403, 0), (188, 0)])","(40.0, -6, [(1615, 0), (1067, 1)])","(40.0, 0, [(2359, 0), (231, 0), (364, 0), (600, 0)])","(40.0, -1, [(2108, 0), (341, 0), (680, 0)])","(0, 0, [])","(30.0, 116, [(826, 1)])","(40.0, -52, [(843, 1)])","(40.0, 0, [(903, 1)])","(30.0, 10, [(1083, 1)])","(40.0, 5, [(1151, 1)])","(40.0, -5, [(807, 1)])","(40.0, -5, [(1011, 1), (188, 0), (98, 0)])","(40.0, -11, [(424, 1), (49, 0)])","(30.0, 0, [(349, 1)])","(0, 0, [])","(40.0, 0, [(799, 1)])","(0, 0, [])","(35.0, -2, [(1311, 0)])"
"Talmadge, Treva",4359358,"(0, 0, [])","(0, 0, [])","(0, 0, [])","(0, 0, [])","(0, 0, [(858, 0), (334, 0)])","(50.0, -2, [(1210, 1), (389, 0), (334, 0), (692, 0)])","(40.0, -1, [(0, 1), (93, 1), (325, 0)])","(40.0, 0, [(562, 0), (1718, 0), (845, 0)])","(40.0, 0, [(1412, 0), (432, 0), (1454, 0)])","(30.0, 10, [(1328, 0)])","(35.0, 0, [(1580, 0)])","(40.0, 0, [(1218, 0), (1082, 0)])","(40.0, -12, [(1188, 0), (1012, 0)])","(0, 0, [(825, 0)])","(0, 10, [(503, 0)])","(30.0, 317, [(1076, 0), (1338, 0)])","(0, 0, [])","(36.0, 107, [(948, 0), (1479, 0)])","(40.0, -1, [(1368, 0), (530, 0), (147, 0)])","(40.0, -1, [(1236, 0), (484, 0)])","(30.0, -1, [(651, 0)])","(50.0, -3, [(1115, 0), (937, 0), (599, 0), (1294, 0)])","(40.0, 0, [(1464, 0), (532, 0)])","(40.0, 0, [(1347, 0), (1134, 0), (1010, 0)])","(50.0, -321, [(300, 0), (1255, 4), (2326, 2), (169, 0)])","(0, 0, [])","(30.0, 9, [(851, 1)])","(0, 0, [])","(30.0, 107, [(2092, 0)])","(40.0, 12, [(582, 1), (435, 0), (923, 0)])","(50.0, -2, [(1565, 1), (1009, 0)])","(40.0, -3, [(1815, 1)])","(40.0, 0, [(957, 1)])","(31.0, -1, [(1069, 1), (186, 0), (38, 0), (24, 0), (83, 0)])","(30.0, 0, [(1495, 1)])","(30.0, 10, [(477, 1), (106, 0)])","(0, 0, [])","(50.0, 0, [(2523, 0), (629, 0), (872, 0)])"
"Vallejos, Vaughn",4378469,"(40.0, 0, [(3195, 0)])","(30.0, 0, [(1454, 0)])","(10.0, 142, [(888, 0)])","(40.0, -1, [(2579, 1), (607, 0), (765, 0)])","(0, 0, [(2218, 0), (568, 0)])","(40.0, -2, [(13, 0), (100, 1), (913, 0), (154, 0), (235, 0)])","(40.0, -1, [(41, 1)])","(25.0, -9, [(2326, 0)])","(40.0, 0, [(611, 0), (1119, 0), (1135, 0)])","(40.0, -1, [(1636, 0), (1419, 0)])","(40.0, 0, [(3716, 0), (622, 1)])","(40.0, -1, [(2446, 0)])","(40.0, 156, [(1280, 0), (400, 0)])","(0, -1, [(2876, 0), (993, 0), (393, 0)])","(0, 0, [(3606, 0)])","(30.0, 0, [(1612, 0)])","(0, 72, [(2034, 0)])","(31.0, 0, [(2281, 0)])","(30.0, -1, [(1689, 0)])","(50.0, -2, [(3545, 0), (805, 0), (365, 0), (692, 0)])","(50.0, -3, [(3466, 0), (433, 0)])","(40.0, -2, [(1459, 0), (851, 0), (694, 0)])","(40.0, -1, [(2247, 0), (838, 0), (948, 0)])","(40.0, -2, [(2475, 0), (673, 0), (597, 0), (534, 0)])","(30.0, -11, [(415, 1)])","(40.0, 0, [(2087, 1)])","(40.0, -1, [(1508, 1), (103, 0)])","(40.0, 0, [(1178, 1), (529, 0), (212, 0)])","(40.0, -9, [(525, 0), (2402, 1)])","(40.0, 10, [(1210, 1)])","(40.0, -2, [(1062, 1), (38, 0)])","(43.0, -2, [(1925, 1)])","(40.0, -1, [(1516, 0), (64, 1)])","(30.0, 0, [(728, 1), (854, 1)])","(37.0, 0, [(571, 1)])","(40.0, -1, [(1447, 1)])","(0.0, -4, [(740, 1)])","(40.0, -2, [(2763, 0), (489, 0), (615, 0)])"
"Vandusen, Vickey",4362984,"(0, 0, [])","(0, 0, [])","(0, 0, [])","(0, 0, [])","(0, -33, [(3558, 1)])","(40.0, -32, [(728, 2), (136, 0)])","(40.0, -31, [(11, 2), (190, 0), (230, 0)])","(40.0, -4, [(3535, 0), (270, 0), (544, 0), (178, 1), (1398, 0)])","(50.0, -3, [(2702, 0), (634, 0), (593, 0), (448, 0), (769, 0)])","(40.0, -12, [(1765, 1), (4354, 0)])","(50.0, -7, [(4788, 0), (786, 0), (227, 2)])","(40.0, -2, [(2004, 0)])","(50.0, 0, [(1989, 0), (690, 0), (20, 0), (154, 0)])","(0, -2, [(5312, 0), (389, 0)])","(0, -3, [(4420, 0), (650, 0)])","(37.0, -2, [(3725, 0), (273, 0)])","(0, 131, [(1873, 0)])","(50.0, -2, [(6274, 0), (567, 0)])","(50.0, -12, [(9393, 0), (1011, 0), (593, 1), (25, 0), (106, 0), (80, 0), (184, 0), (47, 0), (41, 0)])","(50.0, -2, [(7342, 0), (366, 0), (215, 0), (978, 0), (179, 0), (212, 0), (395, 0), (9, 0), (281, 0), (122, 0), (105, 0)])","(40.0, -36, [(1478, 0), (335, 0), (65, 0)])","(50.0, -3, [(1828, 0), (1130, 0), (284, 0), (91, 0), (489, 0), (215, 0)])","(50.0, -2, [(6382, 0), (687, 0), (771, 0), (304, 0), (134, 0)])","(50.0, -27, [(2530, 0), (888, 0), (136, 0), (4916, 0), (358, 0), (556, 0), (130, 0), (326, 0)])","(43.0, -14, [(1363, 0)])","(30.0, 11, [(466, 1)])","(40.0, -78, [(510, 2)])","(40.0, -6, [(1752, 1)])","(40.0, -30, [(2755, 1)])","(50.0, -49, [(1646, 1), (776, 0), (478, 1)])","(50.0, -28, [(2026, 1), (106, 0), (16, 0), (320, 0)])","(50.0, -33, [(3711, 1), (667, 0), (28, 0), (52, 0), (71, 0)])","(40.0, -35, [(2846, 1), (72, 0), (65, 0)])","(31.0, -8, [(150, 1), (1198, 0)])","(35.0, 15, [(2951, 2)])","(40.0, -101, [(816, 1)])","(0.0, -2, [(147, 1)])","(37.0, 38, [(2753, 0), (1850, 0), (228, 0)])"
"Villani, Venus",4364689,"(0, 0, [])","(0, 0, [])","(0, 0, [])","(0, 0, [])","(0, -52, [(2604, 0), (485, 0)])","(40.0, -5, [(1643, 1), (548, 0)])","(40.0, -23, [(92, 4), (109, 0), (34, 0), (40, 0)])","(40.0, -25, [(2793, 1), (632, 0), (805, 0), (1398, 0), (357, 0)])","(40.0, -1, [(2114, 0), (491, 0)])","(50.0, -29, [(1983, 1), (1886, 0), (422, 0), (272, 0)])","(40.0, -1, [(2628, 0), (360, 0), (1314, 1)])","(40.0, -3, [(1916, 0), (552, 0)])","(40.0, 0, [(949, 0), (586, 0)])","(0, -9, [(1602, 1), (118, 0), (640, 1), (886, 0)])","(0, -4, [(2069, 0), (502, 0)])","(30.0, -8, [(2375, 0), (629, 0)])","(0, -9, [(2204, 0), (276, 0)])","(30.0, -79, [(2315, 0), (496, 0)])","(40.0, -31, [(1875, 0), (347, 0)])","(40.0, -5, [(1609, 0), (551, 0)])","(30.0, -23, [(2089, 0), (448, 0)])","(40.0, -8, [(1621, 0), (1782, 1), (406, 0)])","(50.0, -5, [(3545, 0), (520, 0)])","(40.0, -54, [(1459, 0), (1056, 0), (438, 0)])","(43.0, -50, [(921, 2), (401, 0)])","(45.0, -56, [(1041, 2), (95, 0), (468, 0)])","(40.0, -2, [(928, 1), (183, 0), (405, 0)])","(40.0, -55, [(1311, 1), (325, 0)])","(40.0, -75, [(2224, 1), (578, 0)])","(40.0, -35, [(1428, 1), (180, 0)])","(40.0, -70, [(1715, 1)])","(43.0, -4, [(1536, 1), (387, 0)])","(40.0, -56, [(1598, 1), (161, 0), (82, 0), (264, 0), (414, 0)])","(40.0, -24, [(1427, 1), (58, 0), (45, 1), (225, 0)])","(40.0, -21, [(2252, 1)])","(50.0, -76, [(1375, 1), (415, 0)])","(0, 0, [])","(40.0, -29, [(2754, 0), (663, 0)])"
"Viviani, Vella",4359339,"(0, 0, [])","(0, 0, [])","(0, 0, [])","(0, 0, [])","(0, -6, [(1115, 0)])","(40.0, -8, [(330, 2), (425, 0)])","(40.0, -6, [(0, 2)])","(20.0, -11, [(1133, 0)])","(40.0, -13, [(1249, 0), (1013, 0)])","(0, 0, [])","(30.0, -13, [(866, 0)])","(40.0, -3, [(1339, 0)])","(40.0, -11, [(525, 0), (257, 0)])","(0, -11, [(782, 0)])","(0, -12, [(1155, 0)])","(28.0, -13, [(1056, 0), (1041, 0)])","(0, -60, [(1142, 0)])","(20.0, -37, [(1353, 0)])","(40.0, -30, [(1207, 0), (902, 1)])","(30.0, -4, [(1011, 0), (306, 0)])","(40.0, -5, [(3294, 0), (781, 0)])","(40.0, -8, [(1396, 0), (1931, 1)])","(40.0, -2, [(2377, 0), (837, 0)])","(35.0, -8, [(1334, 0), (657, 0)])","(40.0, -12, [(835, 1)])","(40.0, -8, [(647, 2)])","(40.0, -11, [(812, 1)])","(40.0, -13, [(570, 1)])","(40.0, -34, [(694, 1)])","(40.0, -25, [(1085, 1)])","(40.0, -6, [(1357, 1)])","(40.0, -7, [(1271, 1)])","(40.0, -6, [(540, 1)])","(32.0, -8, [(655, 2), (566, 0)])","(40.0, -10, [(1034, 1)])","(40.0, -2, [(905, 1)])","(0, 0, [])","(35.0, -2, [(899, 0)])"
"Vossler, Vernell",4359316,"(40.0, 0, [(1800, 0)])","(30.0, 23, [(1194, 0), (385, 0)])","(40.0, -182, [(1809, 0)])","(40.0, 0, [(1877, 1), (484, 0)])","(0, -1, [(1322, 0)])","(40.0, -2, [(427, 1), (399, 0)])","(40.0, -2, [(0, 1)])","(35.0, -1, [(1259, 0), (987, 0)])","(40.0, -1, [(1907, 0), (619, 0)])","(40.0, 0, [(1206, 1), (1981, 0)])","(35.0, -1, [(2643, 0)])","(40.0, -1, [(3346, 0), (609, 0)])","(40.0, -15, [(603, 0), (283, 0)])","(0, -14, [(2228, 0), (1330, 0)])","(0, -1, [(1905, 0), (774, 0)])","(24.000000000000004, -4, [(1710, 0), (728, 0)])","(0, 62, [(1299, 0), (528, 0)])","(30.0, -3, [(1516, 0), (446, 0)])","(40.0, -4, [(1030, 0), (438, 0)])","(40.0, -1, [(1101, 0), (255, 0)])","(40.0, -1, [(784, 0), (487, 0)])","(40.0, -5, [(807, 0), (482, 0), (937, 0)])","(40.0, -11, [(1496, 0), (488, 0)])","(40.0, 0, [(987, 0), (122, 0), (344, 0)])","(40.0, -299, [(746, 0)])","(40.0, -2, [(1315, 1), (831, 0)])","(40.0, 0, [(1065, 1)])","(40.0, -1, [(1007, 1), (420, 0)])","(40.0, -2, [(1196, 1), (367, 0)])","(40.0, 9, [(1310, 1)])","(40.0, -4, [(860, 1)])","(40.0, -2, [(1027, 1)])","(40.0, 0, [(290, 1)])","(31.0, -2, [(697, 1)])","(40.0, -1, [(1162, 1)])","(40.0, -2, [(381, 1)])","(0, 0, [])","(40.0, -9, [(1802, 0), (747, 0)])"
